content_id,subject,sentiment_value,sentiment_word
XuPwKCnA2fqNh5vm,价格,1,欧蓝德
2jNbDn85goX3IuPE,价格,0,优惠
hLgEADQ8sUnvGFK9,价格,0,优惠
nZmM7LQsfr03wUaz,价格,0,便宜
pwd8MnrthDqLZafe,价格,0,优惠
cudSKGTyMLbIt8k3,价格,0,时尚
U5RMQtopwFzDVxHm,价格,0,优惠
Kh0ayJjuTrzwPAs1,价格,0,优惠
YZovRtEAyQJgTi1I,价格,0,差不多
BeSIAUzoTWH9muYl,配置,0,性价比
SXYTBWg6FxuboMnd,配置,-1,好
RDgTmzW9xBfY6pGv,配置,0,垃圾
8cMwzsxkL4XtuDG1,配置,0,垃圾
MOUrvjDsIJpbw6dQ,配置,0,没有
t01PVoDSd9Lsy5HN,配置,0,黑屏
icMQmPJA9Sv0KGTw,舒适性,0,没关系
VQkjM1657sIroCf3,舒适性,0,肯定
1rGSYnOx9Fb2ULQX,配置,0,换
SgNFp8ixQX1HA64y,动力,0,提高
sO6Ac1mThYBKyl4M,油耗,0,真费油
qIUiOxGdb0M4PQky,油耗,0,正常
6GMYQa0Ag4o9nsZ2,油耗,0,左右
6Ewe2kxO5msAg0yU,动力,-1,不行
PMeBcRxizIaNmAC7,油耗,0,高
9x4gvon6TfN0KtqY,油耗,0,2000
Er3x8Ks6mpQqeZO0,油耗,0,省油
f5UhrHg6Zztl7VWj,舒适性,0,换
fYtbApDWqzGmKX8F,动力,0,不好
YUWFxTOoZCkNzKcu,舒适性,0,全
hNVSLDr06cMsgwfI,内饰,-1,廉价
aV6A5z8pJRkKIC9r,内饰,1,好看
E9SZbnzR2XW0QiLs,内饰,1,好
DXhAOZEsTBVWaSRH,动力,0,没
6p8glZ2iewsInqK4,安全性,0,厚
AWsymeHLSU1f38tT,安全性,0,安全
l94kJgMBpYoODyzQ,安全性,0,好
bVeAzdpgX7tFDlPI,安全性,1,好
lQ0N8fd4On7TzcsD,安全性,0,贵
jhmIcH6LTxkGVE19,安全性,0,换
68jBJULyWclT9Pir,安全性,-1,响
7prF9LJoixSgPQvM,安全性,0,刹车盘
Q4lp0HBNfTD2xYAv,操控,0,从技术上
M3Hqx1Un8ygzFTtl,操控,0,朋友
cIevXAM5FRp14Nni,操控,1,价位
8jCcfemUlPaQFx67,动力,0,好
ZqEa9wGAXNCDRoph,动力,0,是不是
SHbyJ2RM9oi4ZtdD,动力,0,烧
vNgGz3Kfj1qCe92E,动力,0,烧
9eqiWkfr8HNR0xPo,动力,0,烧
sAtwDdFoc06XgaW9,动力,-1,烧
23EJ8RwY9PcotslQ,动力,0,烧
oKdBRimU38Gjc9PJ,动力,0,没有
zsADXh4cYeUjEKSP,动力,0,烧
Q2LaKeht0Vvo1Rn6,动力,0,觉得
hszDKcUSek9dyP5o,动力,0,换油
Mb7fevclI1UmTzo3,动力,-1,烧
rgv1ykaC29JoQlcu,动力,0,才
EKI7PjFs81Lc52uS,动力,1,反正
5b2XhIBYPOCfMzcu,动力,0,担心
n2Fm18vbEDIa53ys,动力,0,CVT
Mq4oVg68SWFBz9i5,动力,0,超过
7hHUfbrVKp1aAFmN,动力,-1,没
qvD82LNTpMdsAXIe,动力,1,舒服
sKPpYiV2bXWEjTLc,空间,0,q3
KaM0rQpCE7yLYgH2,空间,0,异响
g1qaKmR09LUXcp8B,外观,0,喜欢
OKVCfRJ8X9BwxaTv,配置,-1,好用
tcPLeKdDrkYG1394,价格,0,没
siYq5vrJBQzkuZPy,外观,-1,响
aLs9AwhZ85vgiRbx,操控,0,硬
UneE7iqV6mW5HlgP,油耗,0,市区
8P6E32xNmKAebnOs,油耗,0,低
j2vcEXIrmkH9qs1J,动力,0,还
CshiU6A13rR9dbPS,动力,0,日系车
6JZHOqne2YW01FVz,动力,0,小
kFo7T8n6wXICfc3d,操控,0,原厂
4nAlYpJof87Nj1F3,价格,0,我换
v6iprjTLdctoJW3b,操控,0,驾驶
RF9YTAlbQU5CagdN,外观,0,更好
DYhuU8SPpywX2eN9,油耗,0,左右
Aml1h4xUJt5u6bQ9,动力,0,肉
hcWAJdmC9avz7MU1,操控,0,稳定
9Jt0O5d3s6wz1lkf,舒适性,1,不好
ZgEVkuFc0QNqpsYG,油耗,0,低
QRw7ngTJ2A5CYBGW,油耗,0,高点
06vPIQBqVNe2dl3f,油耗,0,高点
p0FUwsNPYQKl1HSg,安全性,0,好
BDoeHPlCiNVXEvrg,价格,0,没有
ARIng69ZHsY7DCN1,动力,-1,没用
zPg9hyoViI8JUYw6,油耗,0,增加
cBMxouh5FEnz36DI,价格,0,时尚
Q6aR7udCFz4U5jrI,油耗,0,正常
y3Oa1dcwCjlBsRPM,动力,0,充足
6ALsOa4BdUbFfGr7,动力,0,这种
e04NZMmVT1qLJXIu,动力,0,烧
9Lkxm8NewpuUVG2T,安全性,0,没有
SEFvD0TOQgnlJsWK,动力,0,新
S1WzLCPqeIT8sMmZ,配置,0,原厂
MSn1hW8XCsGTkpxY,动力,0,原厂
AC9siSxTEzyKrlaZ,舒适性,-1,异响
5rBkYEyl1IU0TVhC,操控,0,还好
WZmFIHJLqT3O1BVk,空间,0,现在
x6mbO2rHfU3hTej4,舒适性,1,噪音
8Hdtp2WE6nMf93YP,动力,0,够用
ELck8IARbwdpgvri,价格,0,不错
HfSMToNXhrwY3mlk,动力,0,超车
rM6sP4AXpCfNc7xR,价格,0,优惠
14dQnL9lxMYeksH3,安全性,0,新
vdWmiISbRku1Cl3J,价格,0,套路
41UzNi5pMPDG7nhf,外观,1,好看
NAC6vpWtqaTQYXD8,舒适性,-1,纠结
HAVTYESJNfjlZ9iM,价格,0,庞大
42VhMRSsCcn85kEd,动力,0,不错
Wf9T283SZphL6tQ4,配置,0,没有
D2HpBfqwoecTkhdS,配置,0,没有
NT3qf2R5XrGonlgk,油耗,0,好
dm1W2BIEyJ0Gsxp8,配置,0,原车
Mglj9pKWkY7Isixm,配置,0,便宜
otT6DmhdEpx5Q74R,配置,0,手机
SclmZXYIUoBv478b,油耗,0,费油
BZ4Ig9Gr7zQPM6Xt,动力,0,好
FLxPweOVGBTmnoQE,舒适性,0,颠簸
H903fh4mU1dtQTiZ,舒适性,-1,没有
g27EQ5F4bMjSp9qc,价格,0,优惠
o9iwO8ChDBUTJ7YI,内饰,0,才
tka3Nq9TAR5BH7Ij,价格,0,好像
lswKvJMLT50iudoG,舒适性,0,肯定
QG07en46S5qxWUud,动力,0,呵呵
u3gf4yJX5SNGmhIs,舒适性,0,响
9firBmw7PNz0XQyE,动力,1,很爽
bJ5L9HBuvqgPm3O2,外观,0,好看
HkGilbeypwMczdoQ,内饰,1,喜欢
5jHabez9oxP4CY8O,油耗,0,大
eAfZWrs5b3UJP7Bl,动力,0,还行
ocOHDW3kGit6jpBm,油耗,0,正常
xDOnv0fUogsFlkuC,内饰,1,好开
gTd84yZ6R0VLaYSF,外观,0,没
gsiR7FHy5YndmTXK,价格,0,贵
nhAC4mEYRazX9dJL,操控,0,纠结
Mj9ZO61VWTefml7z,舒适性,0,才
cdV1254iqHpAawt7,动力,0,说
dRtVLIX4F60YvMbG,动力,0,好像
Na2ezFRWDrCGY571,内饰,0,正常
s3U4wYnirNfeQ7o0,动力,0,还要
ZvSrjpV3oYxARtOq,操控,1,静音
j5dIzG0CvbFxlQgf,操控,1,换
WXLA1peMJxl2RTQg,动力,0,原厂
1YyTakcRLKS43CWs,外观,0,好看
N9CZ1kQdnrxPaqRs,空间,0,没
zXPLFe5Sqvc06RuG,空间,1,喜欢
qpPHjUw7IMJNFSub,内饰,1,纠结
JlWDb4BCsTiN2Ie3,动力,1,不错
VocwTNU3JkR50mvI,安全性,0,换
O7j9h8MaymUvVAtT,价格,0,不大
wogvV9fYFN2uHxMa,舒适性,0,换
S7uwyZiTsRWX6Nzh,动力,0,换
CF781DrEqjJh5eHX,油耗,0,左右
5TCU9c6I3esSFVx7,油耗,0,原厂
rsPHOp7WeK2uYgb6,价格,0,够
N0MLJFXRIE3wVl9d,动力,0,够用
1WCAISQtuEdTZ7G5,舒适性,0,好
KH853hdTJX2nWM71,油耗,0,省油
a52KoCrScpnW8xlR,动力,0,普通
ikqn9SVU1dDFeYpb,动力,0,没有
EreqkWG8o357Htdh,价格,0,优惠
UWDsRXma9t6FpxKo,外观,1,新
oK8vTpZzAag7iCur,动力,0,好
QqmEuP4l6sMTXASx,油耗,0,省油
AdTjwHJso1K6Xcpa,内饰,-1,太小
qtW1wiyejr4zF3Hu,动力,0,纠结
m6XbwZQn9D8hqOf3,舒适性,0,静音
gaoKxMwZOX7TQSbY,动力,0,没有
4PUWD5HkGZFdcYr6,动力,0,正常
j5dpvDJ80YWPSew3,安全性,0,…
4SDY29tXIivB6VLZ,动力,0,很少
x4fpOqR6sUiClheE,动力,0,纠结
H6CfVzu4mLq0JkR7,操控,1,不错
jMWAIfyUN3sqTovd,价格,0,优惠
tDN57PGxglB8WOdH,内饰,-1,太
ZbGpiu1Q9vEkHaVJ,价格,0,左右
q8mnYHr6vAKoTOx9,动力,0,肯定
W8dF6ujP3KemG7ac,外观,0,18
vF1hy5Ple8XGEOVb,外观,0,外观
97fvXxIlWCbBYULt,空间,0,座椅
guCoQmIawZqz374R,动力,0,好
akAurTlP2oUxnzyv,操控,1,好些
8oeBjF7TwlPyLvcY,舒适性,0,森林
JDwFsuZQMy5mVRzp,配置,0,中控
TMYuydGFgJOWSsLx,安全性,0,才
yQhSYbRB7gu3Pma6,舒适性,0,空调
xQbOMh3lHYJNAWsv,动力,0,机油
bX2DFsLOUIMxQzCB,舒适性,0,好
sdAoJBha65SUxfWM,舒适性,-1,太差
dm6eXoIg9Df0nFaV,配置,0,13
qopu4EsiAz9KU7MC,空间,0,不高
VuQntJTzsOL1ao0W,动力,0,无所谓
3GtNOfDcna4Mzk5i,动力,0,发了
T40PlF3fkStJdIx9,价格,0,少
3s9NFKhCQk70Ti2E,动力,1,换
aKoINhXEle3QS6zy,安全性,0,正常
RjTnb0AcmBiaP2ky,动力,0,高
p8SCmcxyB1aeOTYG,价格,0,优惠
uPCDeFYmpcfRz1tQ,配置,0,左右
lkJziVEyecn7d5gh,舒适性,0,空调
xXQtrRW7UOwPCbEi,动力,0,4S店
Dj6R3K2iLuEtUnWG,动力,0,最好
SOY2TGwFQi8Etknh,动力,0,烧
6x4Is30vB1laSHoN,动力,0,没
ZAx5w2LSbkGdRMFQ,配置,0,接线
Z1kNWAOM9rYol0Ve,舒适性,0,肯定
V3xslWKOyv9ILquX,操控,0,不行
7duqegOxLs2Vo8XW,动力,0,超车
Krp3Gzk2aNhHJ6R7,油耗,0,市区
gnpKm9FPl4Y3OL8h,配置,0,导航
axPES1MA7I8BlcvO,操控,0,简单
qrM0TVRhAm18Q6uO,动力,0,高
PXdW23e95gLOhBaf,油耗,0,增加
TBy1z62utW8GcvIs,动力,0,扯淡
HWDQF5VOam2NR6rX,动力,0,这种
heEaPY3Z1upcSxyt,动力,0,下降
BgJk730pyovPubIr,动力,0,不烧
sJlZXtVAdKeq0gha,价格,0,高
bHtilDz4Yf8v7TmS,舒适性,-1,没有
tpl0FmwfHdM13qZK,操控,-1,好
6oPvUG1VLyzSKxOM,空间,1,没
YUG1zybnqjSDmZkJ,空间,1,好
USrqtIMjsYzeRi4W,配置,0,换
fwr9qOUYsxJK0ACm,配置,0,换
Ht7R0SnZMEV1eD6Q,配置,0,没有
5uj6bGWhXVE2aceA,配置,-1,硬伤
XfUjb9C4gzecudla,动力,0,不是
xsReYtP7VfJjdhSF,配置,0,不好
tHWyUYRxdGbqf753,动力,0,强劲
6kCpDM1SoTf0jJPE,配置,0,说
goKCk8Rb1pX9WMHm,配置,0,纠结
8ijAZKYdwx5BXeEz,油耗,1,高
e3okWLYKjs9G72AC,配置,0,2.0
jITzq8OdwA31Htxk,配置,0,提高
t6UAah74Glob2D0V,舒适性,1,不够
CmpW4Xv207JquMt1,内饰,0,好
4wZWbHCFdfML9KuG,内饰,1,牛
WovLRxkSqwECfc8X,内饰,0,没
oX1pJ3yMtIaOcNWA,内饰,0,尊贵
s3itxIAdrfum9pcW,外观,0,不错
pZwnM9mjutIRUkXs,油耗,0,完美
92br5tQejaEywGWP,动力,0,简陋
j32vz0EsGwWqnPyX,价格,0,贵
auH2N6r5nbFAiIpd,价格,0,换
ZwRt05lCQKhTJvP1,价格,0,高
h1EMXCOJgZmAU6Pz,价格,0,不贵
9f1boRZ3OC74gtX0,动力,0,不够
fqWAnpjt7x4uRYCX,价格,0,兄弟
SpPEa8nQWH6hlFNu,价格,0,更好
f62Gp0gW98REZAuw,操控,0,没开
GNa1PiTpkvQS7Brl,动力,0,优势
PQ4aUyTilNXxORcY,动力,0,足够
yNG3vwVFWsjkRIMg,动力,0,没
L2XqxsdSn46Iluap,动力,0,同感
5JBfIwshEo6tUk7K,动力,0,才
CmIWFZpKzrEfqDVw,动力,0,足够
ZAPEkuB72jnC45lO,动力,0,动力
7RN83mKkVYUHsT5l,外观,0,喜欢
1NiFvMeJH0mGW3DL,动力,0,烧
54tGhC6PrfmegIA1,动力,0,烧
QAIbFNTvKfR5WiyD,动力,0,好
74gkpaVmG8F5UCoy,动力,0,烧
yYV0rn5D2fNUwmIx,动力,0,没有
NqFnG0WxBMp51tea,动力,-1,失望
JSysamBMxUlE3w4d,动力,0,下降
XyZf0bjvpHk8OM9i,动力,0,烧
k41e9Px3UihCG0mp,油耗,0,乌海
SCZnbgBQITP40LoU,油耗,1,好看
SMJC8lbAtwDmHQr9,油耗,0,低
ig1CYQufD2BrU3WO,动力,0,很少
qLpTto5K4MyNFBaZ,动力,0,没
HkaSb1yPMxmniAOl,动力,0,车
m6Y1uZiXQ0Stj9RH,动力,0,换
EmMhBLe53vG2rsxn,动力,0,不错
C2izVwpOYvM9JjDt,动力,0,13
Mb7Zz60NWyakEcQ4,动力,0,烧
HEORumQAIFNMzDd5,动力,0,油太次
gpHn7KrjRx4Di3LG,动力,0,没有
7RWHqS9pfuaFsxM3,动力,0,看来
pgUqmf15zBdHi4Et,动力,0,好
CkpXzGLZSt6YiRJ3,安全性,0,正常
c24Lb3hwHmUN6xFu,操控,0,大梁
PAZY0lb9LHWEVGfJ,舒适性,0,不错
hVKzEGBZYareFNQx,动力,-1,车重
xipCKcrkQZHUS2W5,动力,0,本田
on3Flj4VIavWHbCX,动力,0,好
pXEC2P7BzGYmUxiy,动力,0,故障
EWYyMFKH31x5GleP,动力,0,进口车
uk17vcMZBn62Nhie,动力,0,刚
NQZHaLmIEezTJ4RM,动力,-1,低
co5nyPfVM90BZkDA,动力,0,不是
u9cyYrfEjDaT84UH,动力,0,不大
gJBbLW7NHT8iOnpx,安全性,0,才
jZRuDrH5O2XG16Ac,动力,0,故障
flA3kPNCHaVpheZo,动力,0,大
Ktq3p75AxoNGWCwn,舒适性,0,不飘
GsF02l9KgVvqJhn6,舒适性,-1,怕
otQSEuPxej9lZnRI,舒适性,-1,噪音
nO5xei9AWYfENbR4,安全性,1,高
CLvyj8XoId23B9nH,动力,-1,差
tPHVDaFl6JZX3QOT,空间,0,没有
l4GZ17PmtNV925Ti,价格,0,没
6GjoJk7wyDZVFQ3C,内饰,1,提升
bnJs8fFTetghcwOu,安全性,0,没有
oxfEewZ2OpLTQHCk,内饰,0,足够
rMGqhFUk2caWpL07,内饰,0,没用
4aUn8IJ1to3uCeT6,舒适性,1,空调
khucIwyDv2Jir5LF,安全性,-1,左右
3jSw0GWRJQ9BXoyt,舒适性,0,异响
9MZEmklAn4bBRHwc,安全性,0,正是
A3fB0LW9sSgyZx8e,内饰,0,没
5vHgNbhRuU7IEK0W,配置,0,雷达
0gTQCnKUoP9zv5mS,动力,0,需要
YdwaSTE8ltUiZHDM,油耗,0,差不多
ov2mM3EU7uH9A65Q,动力,-1,空调
HwhtEmxKsTj1aCIP,动力,0,纠结
h6TQ97vDpJG3kHoS,动力,0,强
cVlv8HZPjB6m4y75,空间,1,满意
4WOkTuMarEPw5fo7,舒适性,0,慢
XcTm3FlvduPys08h,动力,0,大
kjXVLom64WiMuQwK,动力,0,动力
e2ATqS3JlL7ob1zy,油耗,0,尊贵
SodBsCOQX81g9npP,价格,0,差不多
BcEzqdb6HlyGae17,价格,-1,贵
nPKxqrigWs2zo3AB,动力,0,好像
oPmtKcq25v7i1WBL,动力,0,不能
BtKIWmdH0Zlk6jNX,安全性,0,换
DWCAvrcNBPwxZFpI,动力,0,才
BxtTSEmRsLWMFvI5,安全性,-1,故障
cWPZhVkyJmlqIxpK,配置,0,没
7CHjv8VgkXozbhEa,动力,0,漏油
x3cetT4bV1iw5EDR,舒适性,-1,没
Evg7IudDBGn42btA,价格,0,贵
iqfN9xbm4kestrQn,价格,1,稳定
oWMCgrBjRVFU0mKN,空间,-1,不行
gC1Viv9aXJSpjnRU,价格,0,第一
esnKxNyH6YRCvplI,油耗,0,感觉
XJRznHOEuCaLZ3Vy,舒适性,0,没关系
NvQXnEqaGgiZcRzh,油耗,0,牛
RP7kyNVaSbjedXzn,操控,0,好点
2P7XFg6CqrktpmTo,动力,0,高
RBY2ermiwKvUZu3J,动力,0,水平
bxH8MZCi09LpoRNQ,动力,0,森是
dbY6SqBE9UiItGka,动力,0,大
GSkEx7rjYUKCvPB0,动力,0,没
2mpYHKbezMT4aRD1,价格,0,想
zQ9gsJmFyPX64YMA,动力,0,喔
9dEcZPq2Vb0rfupR,动力,0,好
kP3rhzZJTtsldbUR,价格,0,差不多
aR76ShpmzdBZiFt9,动力,0,不错
gEiv0n4qTj1MPUuF,价格,0,黑
5lFRLkuUODQ6wJES,舒适性,0,空调
JgOyYlvReIxEoCGU,动力,0,更好
vZJH7btSIYN6jkXC,价格,0,好点
FjfwQc9OmzDuVA0p,内饰,0,方向盘
NvnHL1P70qZxFfbr,舒适性,-1,噪音
PIa7mWRdnD4Y1SAt,操控,0,不好
JUISr7g514Y8VEoj,价格,0,便宜
yC3afKYxGScuBvmE,动力,0,够
23dl14boAyWkLuOr,动力,0,市区
wutzFdCyRmBVZUPf,操控,0,这能
nEV4Xq8QmFIWDsSf,价格,0,不高
XdaQmi2cAYqHENIx,油耗,0,居然
sa0dj6BixK8QJOpb,动力,0,烧
plOukMgewSH5dDXU,油耗,0,吹牛
C3XZHxoPsjNYBdun,舒适性,-1,最好
zDwITtMRVu10sqey,油耗,0,有图
wpEQ0ZFLoJtVBiN5,操控,0,没
tNGBT56AL3kcJy1g,动力,0,正常
HmYrcn0IFNevJ7kK,配置,0,换
juCpqT3UcFW1o06G,动力,0,说
qi9FRgkn70yJhV8d,价格,1,不错
NjgqTBvlH68mWId2,舒适性,0,空调
FnxNHYEG7VKrLpjO,价格,0,合适
FolwpA0yfQLrZEiH,动力,1,下
C0iG5Nud48OmX2Pk,价格,0,再
DamKXCFiZHT37BGO,动力,1,肯定
RjfU4HnaO0KSzlpC,价格,0,好
E3NbgOkJ9tlinSDp,动力,0,好
C1jK43ImNPsUTYuf,内饰,-1,老气
m4Ps7aIlUHdNQ96D,动力,0,换
WaPyGLwQE0izcMd1,价格,0,不好
uHMWwOS43IQ0fK96,油耗,0,感觉
FHdO4pZhf95D8bzi,价格,0,差不多
T6UWGk0OZmbgE9xL,动力,-1,当时
gn3HYMKi4GkDQT0U,外观,-1,楼主
QLfuikY4NcvKZjW6,油耗,0,真高
9OS84ZmRFWL6nu17,价格,0,没有
pgfSJHQPcouasvLX,动力,0,好
i8yeJ1PhSDWQntf6,操控,0,控制不了
u6GAPLMJ0Z17jpcK,油耗,0,差
iPvq0uXhLj4zp6V1,安全性,0,安全
6veUACrcbaDWgSPq,动力,0,好
wIhbC0s3jmGKW8at,动力,0,强
2WAtqCpk3EHsYNLG,价格,0,肯定
qSoKXCQmPf6v3aEA,油耗,0,下降
FZmN0vrUKYuVsDtl,油耗,0,高
LaG0oqHdbXiuc567,油耗,0,噪音
CTatqAVoBvLW4GbM,操控,1,强些
Lxkirv1mpWqPR4SD,操控,0,好
Ia2LrtOkdXybueES,油耗,0,正常
MvTeRyIP3bDq89Za,油耗,0,大
ECRjsnbiIY74PpDO,价格,0,建议
5vIQZ276cW9nhlUs,动力,0,差
AzyW4NBUETH7vbgP,操控,0,没
YzigLBmP9naDrOkd,操控,1,rav42019
MLKIN0SUHq5v8zYW,操控,0,喜欢
gt9voj04c3eQlOHs,配置,0,好用
wDxEtaUH3zLoPAI2,动力,-1,烧
OBd3i7fxTRQSL81h,价格,0,时尚
cD9s48BbWiwykgU3,价格,0,布雷
4IONEgTitCLGye9Z,价格,0,没有
OSwysxEp1KTU4ZGV,动力,0,肯定
KY8LH4SCnWqD5d7j,油耗,0,没
meNdXs32PROBrfkH,油耗,0,好
k05bFn6OEedjq9vH,动力,0,大
YUkilVqunSyWdFAJ,配置,0,新
nmldu0FiyIZS9Tj3,安全性,0,安全
Evce8rR6PZIXdsyF,油耗,0,牛
JQacu8hBCoZjdsPX,动力,0,黑
o5G7A3ZwMImPHbnL,油耗,0,原厂
xjSBDmyXaifbcCKA,价格,0,会
WL6HsMEi3kNXjbwQ,动力,0,烧
6hfTwBpMCeHUqbux,动力,0,猛
dXJM8HgpAFsGOnWU,内饰,0,完胜
87qamroLVRjO2T5B,操控,0,安全
Yry8UHfBKa0jsEJD,价格,0,原因
FVsOCzBcxbwJh2T8,价格,0,换
mjA8z56SRBw1nhp7,动力,0,随叫随到
aERCNQcw9WPjtSTb,动力,0,2.0
zOgYypuoj3DnHqdK,动力,1,纠结
7el5K1ChiVGLaDyJ,操控,1,好
kb4dKYRZEAnFToIQ,油耗,0,坑
iVy9LYUc8HeQ0sdF,价格,0,扯淡
UAecLQb5yPFEoSuj,价格,0,都
yYc8UX9WwPen0FbI,油耗,0,没
6BaeLJtDuKXYQgb7,油耗,0,桶
wB1jPZH8753R4lJk,价格,-1,虚高
p9uHKcz3FYlBmieC,动力,0,好
fRC3VjrYoL2OFZNz,动力,0,没有
X7lts6RbF4eO2LhN,价格,-1,合适
3W9IVfP4BuTlv6Fa,外观,0,新
gAvGSLtTWClK360I,动力,0,烧
FXbmRq815WQnuSeO,动力,0,换
lT1uLWgaswAOUjdk,舒适性,0,空调
JuzNxctnG7QbFKso,油耗,0,不合算
m6FcX2ICDUNGRqnw,价格,0,兄弟
9IGP8J5XtxWnjBlo,舒适性,0,换
Sv7PqgH5IRpQst3W,价格,0,加
bEKPlxQCA4pcwHNU,动力,0,不烧
KYyblSApEOBWR0eL,外观,0,换
faUv4IeOMgAJD7NE,油耗,0,左右
bj6H0Og3DuUkYyim,舒适性,-1,很
09hwsk7P5cvaVKXg,舒适性,-1,异味
pLKVyHlB9n6Yr4XC,操控,1,高
TZORfDtCeIb9KJwE,油耗,0,差不多
KAGgiNr3WmDIoyeJ,价格,0,合适
vD9VeG2iBSbuR4FY,动力,0,烧
lZdp0QNELeyfo8Di,安全性,0,安全
FaoyPdLRkElUgb15,操控,0,不好
KEOIiakFoBJr2dRp,动力,0,好
6e4AszdSm1Bwy5MV,动力,0,锁死
mebpq27hozx0Hv4a,价格,0,没
6yzHFPa2VT09plQj,舒适性,0,厚道
KvLw6eoZ4FjzdYIN,动力,0,不小
O9lkmGTDUgPqoF4i,操控,0,粗糙
sentDHB4yQAGR5qd,动力,0,我能
9v7qXWnwuIgKDBER,动力,0,才
b6KteS4iBquJc0FW,内饰,0,买车
Uin59f1Ar6ELcmZu,油耗,0,11.6
MR0mcoHQrWXFqJAU,价格,0,确实
QvF7YN3B0UdfjpLT,油耗,0,看
w587hbgUGyIAJCcF,空间,-1,不说
UPKih1JczNOf3YdR,动力,0,左右
qRO9TKYzdVfuFtvw,油耗,0,2.0
XVWc7EHDPM3BNhqi,动力,0,最好
pXrRtj4S6EHLeuGJ,动力,0,麻烦
OoMbuNVpZ6IUhXLC,配置,0,增加
nu5x4Ke1zQvAWrLw,舒适性,0,好
9ldhWyQnDV3Bpr4J,外观,0,车头
g0fZRwv1tWXLloUr,动力,0,喜欢
g3b9aYo1wISymRn8,动力,0,左右
SDzAtskNR2rebiu3,动力,0,轻松
IdusAw5VFOpLztJ4,配置,0,好
LAxDmybokc5IijXh,动力,0,性能
EDjrVy06wW1QKsCn,配置,0,没
OxIomfCngcuTyaEG,动力,0,对不起
z8GLtQDSY7ewo2Rx,油耗,0,不错
zfY1mTl6IdCeN5oW,动力,0,小
Ws8FLlqgJdvjmpkf,动力,0,烧
qprZFwPWEnxV7mUQ,动力,0,好像
CYXkDtqioJyxbGHZ,配置,0,车
yYz7M2WaHrZgXhuc,价格,0,没
IoC4kMGmBzZLvabl,内饰,0,顺风
qNCMRgG1xvrysUTL,动力,0,大
gCVavlsY0mF25dzR,价格,0,原厂
GflobpT9ijXwOdUe,外观,0,肯定
cSMj9dkghvyolA8E,动力,0,二个
ZXJDu2QoKyFcantL,动力,0,高
1BwODEj0vsXiWGTP,内饰,0,恭喜
usM75JBUIWXqh81Z,操控,0,23.38
ansHJQfY3d9RANEc,动力,0,漏油
5ORFufGL1gJqPXcb,油耗,0,驾驶
uj70WQBqvYT6wo9R,空间,0,小
BnYHIo1OSfQNDwKE,动力,0,第一次
WmHgCXdOIslED5NQ,价格,0,没有
rIka0x2W9MlpPw6V,配置,1,高
BNtFyKUzcO4P9SVe,舒适性,0,噪音
H2isRZMPX9C5bxkF,油耗,1,市区
ELdjWvrgNzpR5shX,动力,0,抖
DSPzKeLH0uhMtqbj,动力,0,没有
kH1Uj3GozYiqpt2E,油耗,0,市区
drjKsNTnk4mWUP8t,配置,0,原厂
iqkfESIHX5hjN1B0,价格,0,价格
7fe5siYPBWZADda8,动力,0,换
f6as9xEbvIQi75WS,油耗,0,上升
21BHMtZ3lbmzvYWI,动力,0,左右
2vSQnRuZdGO1MFUi,外观,-1,简单
utZCnePpvXOERx5L,价格,0,优惠
J604wB2pgGfuDicQ,配置,0,增加
vgkYQtw06TsAENDU,动力,0,烧
7OBdlZ6YKp95SVGH,舒适性,0,空调
Qykdt2N3oGAhrgOb,动力,0,失望
DV9qcNmIg8O1vFHY,价格,0,加热
jBqdNvYz46f9SiUA,价格,0,优惠
CiKS6BEcV9txNe8F,价格,0,提高
SNZAupTeyE8f3DOa,内饰,0,追求
aWVobSZ95j2gydMQ,价格,1,喜欢
cXPlC8xS9NBoZmvI,动力,0,高点
HPR0bSL3CZhuXiNF,价格,0,优惠
92GLtM6NPu0CQlbq,价格,0,才
AdicesC0Y81JQSt5,动力,0,轴承
d9Yo1whB5EkNLPJZ,动力,0,烧
u6Y8DSB7nZWlgJNv,价格,0,纠结
TcW1r3peXbjy7mEd,动力,0,正常
jFysDmnNYI1RK9A5,配置,0,肯定
uzHYh189ySlcvQtL,操控,0,主机
MdDwt4EsZpWoHKg7,动力,0,烧
t6nfBVjDOw9vxmqr,动力,0,爽
7vM2TIJH9Qbe5qcN,价格,0,不错
ElD4L916Kqu3foVT,舒适性,0,换
H6rOgMiWeovFyYQD,舒适性,0,16
X9tW1vklqjHU20yp,价格,0,原厂
ZMD2lEGc1F5uvbKY,操控,0,值
bvYTCJoyWRrFdIOe,配置,1,喜欢
M2CRIPTD9b5Gcmds,空间,0,后排
4E9Ahb80ecm1LMUQ,价格,1,优惠
wDhOp9q0JeCAod2G,价格,0,优惠
W67mPuqewJ9aMc5b,价格,0,没
h8s3jBtw1NgiF6DI,动力,0,大
nmVxt4Tyv9CJW7ag,外观,0,不行
1aYrZnCMKBoX3s4E,外观,0,全
7ieCQ419O6jBvbWk,动力,0,关注
lMSvUoJmbs5aOAr4,配置,0,没
bV7YdEhL4BQaCprz,舒适性,0,空调
BevXWnqDitsjJQhY,油耗,0,好
8tWqrNif2d1vn3yc,安全性,0,换
jH26yO7biuw3Vgk4,油耗,1,好
fJdn62OWukaoe4mM,动力,0,全
W2LdbRay0vZTi5Pz,动力,0,超车
oLOFZx6IuyH9CAEB,油耗,0,昨天
S9nuf83qIRJ0C16c,价格,0,没
Kj9XGruNPEwWDRiT,动力,-1,不够
X5fKCPbQla9MGyO6,配置,0,大
LzMP3x6NiRIhn1J4,配置,1,喜欢
qjNEdkwbV26fczBn,油耗,0,市区
EFGwePH45xyBWUcb,动力,0,没有
Bf2kUCiYsx8zVuKZ,价格,0,性价比
zCKD3i8kc2svrQSW,动力,0,够用
UbCTsEBa7D4loFLf,动力,0,自然
96lEufPqmH10BpoO,动力,0,16
UuaVhwncR36Aoqkd,舒适性,0,新
pQmLUbXGln3RJjxE,动力,0,不给力
lByQnzOS3A7f0ZPu,油耗,0,新
Qs2XdNyZezG5qDm0,油耗,0,新
oAMV9ZCFlh5IizHD,动力,-1,牛
cKxH2Pd8M3JQD7ja,动力,0,没有
fVTD5JUWYQe3R2w9,动力,0,少
TF1dEg2cpsnyC9N8,价格,-1,贵
yiRPIe8JqXH2opuB,油耗,0,春节
7Trbp0cZ4wfnJdxj,安全性,0,原厂
ypgtWM4Ks3ZR2BdN,内饰,0,同事
BC5xyqD04oWeYRbl,安全性,0,好
pJUOMHKviuEI4bSG,舒适性,0,空调
5cq2rLbojOuFiMZS,动力,0,换
RCEkxf7X04bpOIwa,内饰,0,性价比
tfIs4yCeYoFlBP3K,配置,0,国外
7n31fAPQvzuZDE9q,油耗,0,看
UPAlpjdvTWcIXMVt,配置,0,好
CzcmFPdZspvxhn15,舒适性,0,空调
4NjVBL3t7FWqgPJX,动力,0,小森要
K1T0Cn5cNdOzEbpm,操控,0,低
iW9kR0Uf7h1ENxKa,动力,0,异响
dVpfHBG9yDblOAE4,动力,0,换
I5yzgdLlFQDfnRpC,价格,0,在意
X8JCHV1snwA9LpES,舒适性,-1,够
HsIpqzCDF5cA39PZ,油耗,0,大
QstBTHJ6o7UXY9vy,价格,0,买车
rjDtVbpdoYgfmnTQ,油耗,0,没
nZ56RpHemMzEYCVd,价格,0,贵
zalAOVtiG1Upe8Jk,舒适性,0,爽
8SLQhgEHsDZiY0G3,动力,0,不差
JcbGvKkp0oIltRCA,油耗,0,平均
tKvrRDxVkGFci1WC,动力,0,增加
Qi3VU1KWJEP8egYC,价格,0,好车
r4ph3Ad7ukP8nJRT,油耗,0,提升
9yHswJVzLYWBv7DF,动力,0,没
jlJM5YCSrXygxOpD,安全性,0,换
rbjBk0wUl2FKa4hi,操控,0,高
hS3dVHQLOcKrPkBy,安全性,0,装个
eFzO9ogbIJZ3EwYR,配置,0,新
Jz6Vt38OHGymb9M2,舒适性,0,空调
VqT6oaI7dRkEsvJh,动力,0,抖
qy54altSUH6NnjzI,油耗,0,增加
uQRGFCrTxONUekwd,舒适性,0,差
xbHDrupSlPEoGLQ1,操控,0,差
L9tO1jeGMzmZUx0J,动力,0,抖
gyXcsSC2eHJ0GdTo,空间,0,没有
UzlawP67YSAO1HWD,配置,0,买
JQ6CTFYDoSihxXWr,配置,-1,郁闷
LdSU9FJKYkja2pwn,内饰,0,功放
rC9gjVLbJeKUt8Zv,配置,0,没
hTmRLDS3H610WEGJ,动力,-1,不足
LobyXDu3GfzvTO6i,空间,1,真心
Sow4k2ylRDgvFm3f,价格,0,肯定
dTsLzOxYeA8yNCBh,价格,0,不敢
Zz9IUVhrQgJqeGv7,动力,0,性价比
YSeEn5CvJ1FkgoQh,安全性,0,正常
ZVTLb5YBRHwAs4qh,油耗,0,正常
6jce4mRanQMGoE9b,油耗,0,2
dEQ2H6yVaAh7P5j8,外观,0,车漆
eiR0Iy3lLo8JEYgd,动力,0,右
S1hHF3MijXWIbzwt,操控,0,好
6i0Rzsv4pVEHkXM9,价格,0,好
VJuCFZrUz5RapBgX,油耗,0,油耗
XKjTBw5OP89DQLvF,安全性,1,说
hScziZFfO71Gb02l,动力,1,加强
KYaEbkqyUBA4Dtou,配置,0,没有
wGXiACrD3ymLkBR0,安全性,0,省油
6OdjnoPyKUQaDv31,价格,0,超过
xfLZk8MAbU6OQYVp,油耗,1,低
f0nyPXhJAbr3ZxVD,动力,0,惯性
Wguopj3ZQzSH6Bx9,动力,0,斯巴鲁
EYSxnr1eUpbQwLuA,动力,0,故障
7ADnOoqHVgKSbLuR,舒适性,0,空调
1yjVZfueAY5JPlhK,内饰,0,没有
SVDsGBzTyR7geUJZ,动力,0,肯定
i24bgYQmtysxEKz9,动力,0,水平
uNQz1OtKm2qviDR6,动力,0,故障
Gi3vb2Ha0zCoTk75,操控,0,正常
kvluCRfjq3GIhLaH,操控,-1,不行
QPt1bTO5yKpD8Hx6,动力,0,追求
Z0SpD3Pvtoj6x1le,油耗,0,驾驶
KsAywUF0QmbhYG7j,内饰,1,实用
bEf1ZICFYTW97Lr6,空间,-1,大
IUOaATJujgxtLpsw,油耗,1,好
ocn2sERkmjqQXu4a,动力,0,大
SrzCwMmb23Uf7PKg,动力,0,少
PSZohVxMmTkD821t,动力,0,没有
QKl2ZEa7RoO1D5gx,动力,0,烧
MdWhZP1Uj4xYNL5b,动力,0,换
2u0Jcw8TEns6KlQp,油耗,0,稳定
uziQ92KcdPaOLAjw,空间,0,贴近
UR7s1tVcHXWNTZhy,安全性,0,差
PkoMaELQGUmgFwT4,配置,0,没有
aExKDj9fJ3uMWRAh,动力,0,好像
mvkRl7asobxzLMyG,动力,0,差不多
OP3A1vDpTWIV4QR5,空间,0,后备箱
fl2Goc9ZTbimrqgY,动力,0,途达
TfQUE3IXugtVsHFN,动力,0,少
SNJBxVqDgp9vAKTr,价格,0,高
sgIYzSvnFhjBVPmN,动力,0,海蜡
qRL2WfeDsHiExTJV,动力,0,正常
EZmH5rdOcFoyK2UG,动力,0,少
ilVBrAke3EZMUyPt,安全性,0,肯定
R9X0n8kExU7IDWC4,外观,0,尊贵
WxEeKpSHrmBI7Clj,动力,0,没
JeE3SgAtsuXwRzW8,动力,0,没
snz2FbtveQmiBkSw,动力,0,差
rYhGEQicpHP8tZj2,动力,-1,猛
znAvgJaTW4M0BfmG,动力,0,值得
D925FbmgOYIfyoAv,动力,0,灵敏
YmJvLaRo2IEViHA9,动力,0,安静
4yL7D9NefqodO8FB,动力,0,全
J0bUnY4IPvZ1oaCt,动力,0,更高
p2DgM5uoHAT9XPki,操控,1,低
aU5RcOCxXFNZ3tvJ,操控,1,纠结
zlWsZHG3KjfiUSDb,动力,0,没
3Cw8jkALXivOMqfx,动力,0,高
wRzlYSopnT8tHMmP,外观,0,大
T1UXBuIpaJxt2Rkh,油耗,0,硬伤
UdaiYykEnSQ4txcL,动力,0,没有
WYy2vQpGH3eAhtrz,油耗,0,原厂
9fqL8bdKWXJcThNu,油耗,0,没
4oye1CWiz3OBaKTl,动力,0,取消
lC9WBmsbinDwXrPe,操控,0,驾驶
QrHi1I9AM75BdZcu,空间,1,静音
f9xNeIHwOLTAls2W,油耗,0,没
gzYnU9GOx2B3TFla,价格,0,提高
s27vTZQLJUfh5mkA,价格,0,不
iUbCNmvynucYRj5X,价格,0,一点点
2UBZ7gjF0de9SRWc,价格,0,不好
BOd0oJ6g1hTnkKuL,动力,0,动力
RZmu9FkdT04Vpx85,动力,0,四个
CB8xX6FdUeSJia1c,内饰,1,喜欢
JjiHAduZ3KN1vBmE,动力,0,保养
cSAgX960KizLGv1e,价格,0,好像
wKQIg3OYrmpie2nT,价格,0,高
ldP5hcgTAKWfBbGJ,动力,0,贵
xUHl0LQJ9usiCwcV,操控,1,迷上
B4xdCgYTVyvurDUj,动力,0,大
ZltvGnA5m13WLTKg,动力,0,正常
3p07am26KFC89NBM,油耗,0,不敢
EXSrYLdzcQvjyT74,油耗,0,抖动
m9clDQRHJEe7BVjd,油耗,0,没有
K5J3VMGmEbHty2ZN,动力,0,够
4SNleaZoPbsivAJE,内饰,0,小
0lDiXVGqkezETMvb,动力,0,正常
H93sL4ngdmJGtARS,空间,1,不错
BnCoOXjLN9GAduti,操控,0,好
4qUJbHaBIm5jXeuV,操控,0,没开
xBDNvMtL8ZQbg4IU,舒适性,0,噪音
uA95avdpWL3YmUGf,外观,-1,还好
NeHxKWiUoZbQD9rl,价格,0,老美比
mxRIU03nkN7QSbKj,内饰,0,听说
SW2KCuFyexEhYBVN,动力,0,最好
U3QFHRfOXGTYw8Im,动力,0,强
tHD0xImBS5ZLh6nU,动力,0,后悔
LC9Fk6UJfY2157va,内饰,0,没有
4Gu5FCl1ypm3MYjh,价格,0,小
8pJX65eRkD7rd9cW,动力,0,硬
kGBvJTFlncWIX10z,动力,0,磨损
zORsTibanUPKqA7h,舒适性,0,挫
TmUA689Qhy3qnEVI,操控,1,驾驶
FATNSQnbGueDtVOf,动力,0,没
xHGBLXJ46qubCzYA,舒适性,0,空调
zy2ZLBUmdKwXcE3x,舒适性,0,差不多
nJlaY3rVAPydU597,空间,-1,响
he7O3saXxQzl8MqH,动力,0,停车
SDKT7uqyZBLV5cMt,价格,0,便宜
UjvyLAzGgJIRDbla,舒适性,0,异响
b1UBLNhDWS7mQgJx,操控,0,熄火
JoXT2sebKRifZnN5,舒适性,0,市区
gKNIduqReyQ5SlGA,动力,0,漏
td5LqgfD2sWUjPTY,价格,0,不要
msfUBPLAMIHYVkKZ,安全性,0,差速器
LkZGyAF8qdNfuQBt,安全性,0,没
rvsFY9xykTh4UR3P,油耗,1,小
iJj0sV7WDoPpxC3B,动力,0,才
fxc5HJd6vlU2n3wV,舒适性,-1,你好
PL4QzxNe8wsGYd2t,油耗,0,肯定
nX561cF9aYChtfsA,动力,0,够用
fjtVdyKrDesmcGv5,空间,0,防
DcgBNjtiLyvfmbwT,内饰,0,换
hY4bE1WceJXvfxkM,舒适性,0,通病
bMZLdocNjy9zhtUV,舒适性,0,空调
HqdWmhoDNjFyMVBY,动力,0,烧
dc6lm3E98HUX1BqT,油耗,0,异响
Z4z0htmdXfHnEub9,安全性,0,刹车盘
6vaKfrw5bUSeOdDX,操控,1,安全
we7MboXtYGQCuByK,舒适性,0,静音
IBnweMx4ygGZObjJ,动力,0,没烧
fAjQZhGbsIdPxlN3,配置,0,手机
5sC9Gq4L713vcpWt,动力,0,发动机
Y52oLvaXJ4NfTiHp,安全性,0,新
hkoHX79LspCBglwO,动力,0,烧
29zOhgdxb5Ry3irG,舒适性,-1,更好
oEw5Vt6lpeX2Adg9,舒适性,0,影响
I5AGQL3jOYwUkbte,舒适性,-1,响
JZcztNaO7jxwLlYG,安全性,0,换
Jma4BfpWTSwk6x2U,油耗,-1,太高
zwP3YJrWTxNnv9F0,外观,0,没
cYPmsrJMOa4nlDou,动力,0,森林
ZqIDRvrB8fwCNXu9,内饰,0,安全
fDUYhMEs9wBW1o3L,空间,0,很少
kJ3zZl2fvH1sO5SQ,舒适性,0,空调
bdqIDluG5kZ8yB0E,动力,0,指南
hRdiWSO5TFyoEteD,内饰,0,全
trkwUxXBOTW8scKv,价格,0,优惠
NYcdrFwQitb953fo,动力,0,差不多
kXqR9l7vUaWsmrVT,安全性,0,好
MrigDFAYRsEfINkq,价格,0,舒服
CtOKSDwIzyrehEci,价格,0,优惠
YBVgolr0QpKSHtjM,油耗,0,驾驶
3IXzVv7KpRC2tdQS,动力,0,没有
oUS5x2RH6YKb9rOZ,油耗,0,2.5
i8hcmETg5CBa02Sj,油耗,0,大
5USD0pfeCldLT79m,动力,0,差不多
pt5BcYLVWrAXq0GO,配置,0,现在
uRXVYHAPQ2c6xMCO,舒适性,-1,正常
056sXLUenx1pItMv,配置,0,15
LlYeGpEUvji8yc67,外观,0,值得
3pjICsZE4KXyHYA8,价格,0,价格
7XMHcBdeo0nKRNrE,舒适性,1,好
PRzBNSQ0WvlJXjcG,价格,0,虚高
cRefvwSOFjd2pMCl,价格,0,优惠
0VapY68qAvofEUgt,价格,0,尊贵
X3zZC0KfxVIMON5k,空间,0,没有
QHrK5zZkTX4wWude,舒适性,1,空调
WNhHv91fmt6OaSp5,动力,0,换
Mgw1hyc7iC9AXGn5,外观,1,不选
0FhVawIBEuy3rkZt,动力,0,换
kbBPiGVeguLMQn4c,舒适性,-1,差
EWSFin1l7JCw0yOb,舒适性,-1,换
KDk7SlN9q1BcFa2u,油耗,0,换
R6XfcNGFio7Sq9VA,操控,0,才
4EUXhTtA5Il0DPGY,价格,0,优惠
pwiRFTLHz7r5JNWu,价格,0,合理
SR6Q1IwTKUtVFb4p,油耗,0,常年
QgBLtMbjoW5zqFwV,价格,0,价格
PlcNETm3FtzryiJf,动力,0,担心
N9h6FfCaZiQImWgE,动力,0,优惠价
BFObiKUfX40r7uka,动力,0,纠结
KgHo2XNmz59SLbPI,动力,0,才
BLpnDEK2MgYWqFhR,内饰,1,完败
mfvyRCK1dM4qtHBo,外观,1,没有
S9bdvzojeuU1VILW,价格,0,优惠
hcapYTBox42WsSZI,外观,-1,好看
krfRF6zIw8uNjZhx,操控,0,平衡
SlMeUu5ivcAJqVX0,动力,0,贵
MvwkAXbiFdxrq4U8,操控,0,驾驶
lIZrYjg4U7aBOzwx,舒适性,0,空调
NGyshKCTUfntF4E2,价格,-1,贵
4Kd9bsYSFvMipwWy,动力,0,烧
9y47pHYWnBKmqSjb,油耗,0,正常
0UFPpKZAuO58jTk1,油耗,0,好
DZLR0tNlrT1u4fjs,安全性,0,挺大
p8KlrEFaMN7kw49d,外观,0,性价比
tI35NaPYw98BOrWi,动力,1,更好
OJAalMdiGVwc68Tk,空间,-1,满意
SNAizMQGUJCYBntZ,外观,0,好看
7ie4ysZjXJ5VUDuM,操控,1,肯定
oXH1rCKNQeuSzRaF,动力,0,主要
CIUjik9uDBxWScgt,配置,0,原厂
Bdw4SNHzOleoPqWj,操控,0,起步
DHMPwZAtEV1mJXhT,舒适性,0,空调
v3S6zNeBut2g75KJ,配置,0,2.0
o7xQ3LOfbgdekw2a,舒适性,0,空调
65t8T14jmI3BnKED,配置,0,换
et5VZWzFxImKYRvj,安全性,0,低
VDXmqcPTKF7dtenW,动力,0,没有
10jN9LtICWPOEuhn,动力,0,差
uyRJHd68iBMel7cD,动力,0,缺陷
XHMZeUz9uVfik7rA,动力,0,现在
E4F8RcQVtDWxpUiC,动力,0,换
G1tPfoMLxbkemFuZ,油耗,0,换过
Hki2n0YSZBA8hdpg,外观,0,雾灯
lZIUTWFehBJpPEkX,动力,0,难受
KgqCX6eQjJl3TmPL,配置,0,没有
DJtXGd9TIj7oHZhi,动力,0,烧
CGHU6PwzZKXduLVI,操控,0,还
9BFHXUj4RpgNcY3r,动力,0,噪音
hutUELR95IlV0v2i,安全性,0,不够
ctUe4yWAIlrhO65L,操控,0,少
svpaOCbPeKwWtxud,舒适性,0,空调
D5M0H8WsjaVqOKSl,动力,0,好
aqUdpHDzb3NFy0m9,舒适性,0,空调
CvMqpTIEmWroJfd3,油耗,1,低
JXZdzFwTgAECRc2l,价格,0,不错
SQZWNRE3eVJkjPf7,价格,0,好
2ie4Fb7PBfK8TH5Z,操控,1,提升
ORvSEao5Dd2JLYAl,配置,0,好开
kncumDHfKpPT8bAQ,动力,0,超过
2zF6AfHu5GoP0nSD,动力,-1,烧
yWkSsMKfi7qExwbR,配置,0,大家
ElJts2TzVubrW8f1,配置,0,原来
3iJr9qLspWNb01ku,动力,0,好
inNDaCQcu5W0xKSv,动力,0,纠结
yuMwv8A4I7NPOcJD,价格,0,去
jTa6KoI1ymA2HekJ,价格,0,正常
cJYGbOXIMWZxCw5U,价格,0,无敌
QcaG9HgAwBmpuiZF,动力,-1,下降
2vQZt3cUpPxq1aFb,油耗,0,要用
geMLRpxqT4jAJC39,内饰,0,时尚
kfXRn2sNyMrh8m13,操控,0,驾驶
TaxO205pDtulHG9i,价格,0,优惠
nlGLBRifpHU7KAFy,动力,0,都
1QDHtwCLTPKxBFyV,内饰,0,呵呵
O107RbQH8FIEdJC3,舒适性,0,好像
3dOu6RFEPH7UKp5w,价格,0,不错
suwj4c13B68RZ2gF,安全性,0,好
inktdcsu69TOaKQ7,油耗,0,总
u7BZNFiE0cKdojl9,动力,0,请问
kKxJLtQApVnogGl6,动力,0,才
eRQatbCxdZyqILE3,舒适性,0,噪音
b5aExqZsgelO2fvp,配置,0,求教
MviKfxQgL6NkUGjc,配置,0,据说
ktRpUxV2XhMAsT3m,动力,0,要换
k2yucZ7QgNDK5Xo1,动力,0,车
6RcohtkEwFMg3Zx5,价格,0,价格
UswApGFgzucCfJ6S,动力,0,够用
ayLZMdpuOilGv6qF,价格,0,贵
G6spTavu8XbnNw41,动力,0,渗油
fVaR2Yew87udU31W,配置,0,换
xtAqpUcvazf6QDko,价格,0,够
qB7YzNKymM4euFwL,动力,0,烧
yFujWkExlsQTwAYL,价格,0,便宜
uj09ckHdrbI2gDXw,配置,0,大神
nCeg1Kv7p0wfGz26,动力,0,好像
ezdC0rVQ9ExoZ7OW,价格,0,贵
iQTYVo8k1nDWMUws,内饰,0,楼主
Nk2DL9OcyhegrEid,价格,0,问问
0dfh6vX5ZxrRSjqQ,操控,0,无所谓
PYnqkagN7J9lGbX4,配置,0,时尚
ESe8uGVpthw2qvAI,动力,0,没事
m1BoNMzhsLte7EPY,油耗,0,不知
HzOjPbDW7snFfC5E,舒适性,0,异响
bcSrvXnfwh9G1sCt,油耗,0,空调
EpyZeTaIXzUkuoSO,外观,0,好
FD2kElsTogNZSdrU,操控,0,挂
Fgmsjr4pDh0l85Wc,动力,0,没
mKeRHCFLgZSha3c4,舒适性,0,空调
k5yBDivefCIcsEno,舒适性,0,空调
Ys5j6pztVPMN9dyr,动力,0,差不多
xORtcHMv5gy4UWJB,安全性,0,发动
rhD8GPSuysxOlYAa,舒适性,0,空调
j3ETD8hfvw6pmFot,操控,0,方向盘
3BKOx5DzMaQsi0RZ,油耗,-1,噪音
vyUGsFeo1E3nmliL,油耗,0,大
GFqcbBlxWdEOZ98U,价格,0,是不是
DtK5aQgf9OUnbHcd,油耗,1,好
6YOgDZisAcz4B8Kb,价格,0,可迪
zsxQ34YguLhVKqWj,配置,0,好
LWm1dies9EY6FAIk,空间,0,小
cgSKMAwYqW4mj9LU,油耗,0,很少
WJ3Vb5Cr4TEs6MDh,动力,0,换
fn6JCwyV52ExNoAB,舒适性,0,异味
vZoQtfNTVcDkr1RY,配置,-1,差
jwxvW0p7E6XL81za,动力,1,不错
7ivMHN4DnQCTzWPa,安全性,0,没有
QPw1FAiOeSdZ9RHB,动力,0,换
CGBhSb7nQLsJqOv8,油耗,0,省油
9F5LEfqRIaBmOok6,操控,1,喜欢
yKxYB9VuHscOGSAo,内饰,0,落后
RfchnPL26rEYqU9d,价格,0,看中
Np8JIeV0kgx6yHjU,操控,1,好
lusRDiW3pwaC1g6G,动力,0,明白
o4BK31rvGf6JuDZO,舒适性,-1,高
eEzqhWBtb4ZiPjyv,内饰,-1,没
udoS4CNYz95EI3A2,空间,1,不错
JhjbDXaK5oAVzUwN,价格,0,肯定
hQpxuaeL51if34Ss,价格,-1,难看
daBn0zAJuh76YxEf,操控,0,抖动
9Cc6IPenXxTmLAa1,舒适性,0,换
AHW7mhYxMGg20oPK,动力,0,提速
fCygScVsndP3Zt15,动力,0,换
cNQ96mvLJTPXU7qw,动力,0,原厂
h6bvqfCNMaJ8p0QR,外观,0,好看
8HV3WIDK2JUZSbFC,动力,0,后悔
flTo2WjaIkiuDqX8,配置,0,车
przyuJL82c1GfBAv,价格,0,优惠
YsgwXUIHZAQ0upVR,操控,1,不用说
gMFNJCpZ5cGwH8Be,动力,0,去年
FS5OiPvMQdKnjEBT,舒适性,0,不好
SKFUxA7dVENw1ot8,价格,0,优惠
YUqfX2IuADLJwv5i,安全性,0,纸糊
Nn7xR5CtmZk3Bfuy,安全性,0,不错
6uOk5U3st7ezNhbE,价格,0,优惠
OnaeE0m3Ho4hPBG9,价格,0,大
tEwq3kU6yNp4AHMj,价格,0,优惠
lgWB1GQPU2LtCbIO,价格,0,小
k3jfLWGU7ZvHeYgr,价格,0,才
64RkNdunL9TrUSQy,价格,0,套路
6huJNeXjFqAyTPdQ,价格,0,优惠
u6jDlYH20VN5APBv,操控,0,三声
u7B8htHDOLjzZAaQ,操控,0,换
RQnhPEt8q0BOlS46,操控,0,够
Xrxp7HuBg2v4qk9O,动力,0,没
RhfXjuWbNzQPAmTx,操控,0,大
AlFy7t9IK3diRgbS,操控,0,液压
WMXYuq5lbzLDwjAg,操控,0,不
LO1jroyDJsquHRZ2,操控,0,护板
7b0pJw65YcICoUzZ,空间,0,新
RY2xvl4Mi1Tcabj8,油耗,0,没
fGRenlp71ZDuACEY,油耗,0,市区
G0aXfEIqVdRWvF9b,油耗,0,故障
iL0eoJjRnWKlU4av,油耗,0,高
fzlgbMthU0dSijaQ,油耗,0,17
Uasb549NBtoYWOhl,油耗,0,换
06vJk25tLPqSAOp1,油耗,0,左右
rX2s9SykZHTugQKM,油耗,0,够用
1roZPfezp2xJIDGi,油耗,0,低
fhVnqx2uEd0iHgG8,操控,0,满意
ZW4GqhOlFucQopNK,舒适性,0,安静
WAoE4nJTKuZglvmG,舒适性,0,换
k8rL1RFvXEVwINMH,动力,0,便宜
bhmRrF9xA5vSXt12,动力,0,新
jExKsDpTcQUOX1zt,动力,0,漏油
9yrUegdiBfSz5LPc,动力,0,不够
uQInq3LADECzT24P,动力,0,大
JNm6xy8tE0gZivVL,动力,0,好点
BDQtfKrop017dWn9,动力,0,烧
TC8ux1tecBnbEfW4,动力,0,软
6RsAS4XJv9zxehOm,外观,1,不错
D5bSu7LOnQ4raJwE,空间,1,大
0avxYXt4Ld2TDHVq,外观,0,大
fE3mb7KTQvc1wFZC,内饰,1,完胜
MewSZoag5Q8OxIVn,外观,1,好看
w3smqIt0CP5yJzSQ,舒适性,0,加热
av18RgOi9q3zLJZB,动力,0,高
ZMgQETI7HcXaJPnu,动力,0,一个月
Rw5786gaXBCzGDNh,外观,0,楼主
qcznsyljIK5gW13Z,外观,0,值得
aIKU6pSFbg0jElD4,安全性,0,没有
U6Yb7JkXH4ud0prv,安全性,0,完美
Ae9Bg7IqKYFuxJaR,安全性,0,提
f8BTX1hPxIEVuAZD,安全性,0,大
PXrktuZ4oGTNdlyQ,安全性,0,使点
Sn7ZzRoBaTVw1r2G,安全性,0,总体
MzjC01Ov4KgrVnwl,安全性,0,换
ZzE8HB7INmuFSyl2,安全性,0,驾驶
2F5v8I3ZRdiSVOlM,安全性,0,好像
18cJkHiGPZd5xlvX,安全性,0,不行
wKWzETpquPZSohLj,动力,0,增加
UvXfePtpKwkRO1Jh,动力,1,喜欢
8EP1GuYimLchgF9X,动力,0,提速
vkDGIoJ8TZNdw1B4,操控,1,便宜
6b1yQrFJhdi2aZso,价格,0,合适
Ba2VwQMKHtrxGzpm,动力,0,不烧
km9lwKfsUGpFJnI1,动力,0,换
kZIm8TSGPKgdCviX,配置,0,一流
3waoGs6DLeRjrxOB,配置,0,哪位
bJIzTNc7Moiq8wp0,配置,0,没
vkOJQm36qETLfI9n,安全性,0,软
riHy5UabPW0fMIAN,舒适性,-1,异响
592wQPGZTWVgIei7,动力,1,不错
9d8lKywa3B0PfLM2,动力,0,烧
Pchj7VARe4gtmiOd,动力,0,烧
xRIfryc1MG3nJOqQ,动力,0,烧
RUEu2BIoVeTsdk1N,动力,0,完美
uz5LxtaHWjPh2cEi,动力,0,还好
EDo9aShzQUewruOP,动力,0,好像
epNDnEtSY8FlLdqR,动力,0,烧
yhWKJkC6RxTUtnYB,动力,0,不烧
RD2Pd4wIn0gGCZHo,动力,0,烧
ByCalFw7j51e8ZTV,动力,0,换
gto9WmBOENS3cXKs,动力,0,影响
7MN31h526WYAoHwL,动力,0,没
el5cAQvjZEYiJ1Vb,内饰,0,楼主
LPRsZi3tWXrguSVb,内饰,0,欧蓝德
LiayInCbKGNqjezh,内饰,0,很少
Xtwd5mShPOoQClkK,内饰,0,座椅
vcnMRyBl89DjtUXo,动力,0,小
G06n5apCJTUyW7dh,价格,0,呵呵
xITUtjneCiDaK4r0,价格,0,关键
nGKN8ZPRX7bd9J0t,安全性,0,平衡
bkx98mnYLCe3WDzd,油耗,0,市区
zqmsg8DSiG2lQLaR,外观,0,换
ZLeoOxCIiqjdPQSk,舒适性,0,偏磨
HNRVAQPSUoX3ybeJ,空间,0,大
ajkbZcriRmB6otJ9,价格,0,贵
LbDM2NeVnh9GPyUX,内饰,0,这款
XEg72TBW9zhC8xAr,配置,1,丑
GS7Fc8PWy3bzr94s,配置,0,倒车
k24K1ZcWOSYJ07Em,动力,0,正常
0AghVaU3zovyfZK6,油耗,0,驾驶
SnmaPubjOcvA9FBh,空间,0,换
WNyUMEbpTzxGYm9e,舒适性,-1,异味
JQyzMPEWYdbkue8N,动力,0,高
0zvVXq62e1A9ib4W,操控,0,好点
bknrC4PKsLwvtMVl,价格,0,便宜
yt0PCoFNfBsgSQlD,动力,0,觉得
UZt5DT9jcW6pJam4,内饰,0,实用
TH4XmfEMIBsUPGeq,安全性,0,空调
jNAMbnkW2GQhuedy,油耗,0,换
9bjkmsRP2ZAeE461,空间,1,大
7vEhqRNMyJf4bk2S,配置,0,麻烦
e2maqIsDiCNpbUyX,配置,0,忽略不计
xlCcQsGXBZd3hR91,价格,0,优惠
EfgDJMeVjAR2Oani,价格,0,差
oHCUun6B7GvL8WlI,油耗,1,好
F1TNm6zR5YXK48fa,动力,0,手动
Zp5XkQmVtjNS2Yfq,油耗,0,肯定
pHshzjOT3MQB8ikg,动力,1,不错
lTwuRqjUV0eOyCdc,价格,0,不在乎
ZaeYwInl23uJVT4K,动力,0,最好
YQi8OESrgCvjPT5J,安全性,0,刹车盘
OvEuatQI8nlf5W4b,操控,-1,难看
4Nl2xiHZkwfqG5Lh,安全性,0,换
csV2lerGbWHDM7uC,内饰,0,纠结
7ljw0AnmIsEYyx6b,动力,0,斯巴鲁
lz8CZIvuepMjyT7A,配置,0,豪华
mwgUZtAKuYWskdy0,动力,0,先
ZFDQvjqLe042yWr8,配置,0,没
QtyfYMKHjFJhT7qb,配置,0,正常
zu7TV3p9yI01fb2i,油耗,0,满意
cqbNCaWf31yOFk2z,动力,0,挺大
ZxIysR3VwmEXitzo,配置,0,淘宝
tPWwM1QZlKn6dSjR,油耗,1,低
zGj9cIeZwxhBQR48,动力,0,够
xyVZbhWBMis964AY,动力,0,都
LzbmvwkG9uSTDH0j,动力,0,机器
pH9qK1Mxse4GTkQR,外观,0,肯定
L1esR8dohQwbTaWD,动力,0,烧
qxB0rLI4NpR6UQO2,动力,0,肯定
ntf9greFQdToRAvj,动力,0,没
KFpnvjzWT02gcIbw,配置,0,想
O8u9KG1J6jVqRlS0,安全性,0,换
yhwXVqQiSFe0KTGu,安全性,0,换
7W4hb5ep8twNRC2G,操控,0,感觉
DvYtjcm4UkObHZRJ,操控,0,看
5nximF6XTzfJZa4A,价格,0,没
Wr5lt8Xi0dVavhSe,动力,0,问
iEXebDTcawoA0BQM,舒适性,0,直接
KF3paJVsftS0kL9z,操控,0,一点点
0Yj4uHZJSBzlD7ix,动力,0,没有
b4AXUmFtI69dREae,价格,0,没
lSQtCEDvrhdxG5LU,油耗,0,太高
kGE5UO3MHwJFQ9Yf,价格,0,不值
fApirRuzwkNdanVH,内饰,0,小
ytglEGzINRCJ0rvL,舒适性,0,空调
n0zyhMV2qCcRT7sL,操控,0,才
bM9TrsOKgASWcePR,动力,0,提升
slUkXtKjbT2gqyZ0,空间,0,安全
f0y2eka46dZWtm7n,油耗,0,论坛
JoXVZCrfDIj2YEHn,油耗,0,左右
WDOtTbYw01FIpM3G,舒适性,-1,好
OsYUJZTx4c8SCW3I,动力,0,变速箱
wFn3N9MApUeOdjHX,油耗,0,烧
hbjHsBtwcPqa0CJ3,价格,0,左右
kewO9xHJuqIoA4jF,内饰,-1,没
zCIjAPpcefManuRw,外观,0,车车
sm0WEtJfjKlT3Oeo,动力,0,换
RCTHDFv6aKXA2WjI,油耗,0,低
qju7rk4scUKJ1gzY,操控,0,加强
HB1syAbrheKnUwtC,外观,0,紧凑
9mNiTQ81e5Yu3k24,操控,0,简单
x82sm1ahFYI6jpqc,安全性,0,问
knmwaYgs7Er53DfI,安全性,0,轮毂
aMFJAWuCiP3dQTOe,动力,0,随叫随到
LofFZtYiRkwd6bpy,配置,0,满意
uohVA2LclBpk3nxi,操控,1,秒杀
A9KZib8pXfkQVgGW,油耗,0,高
VLHijeQoT7GZF6Yh,动力,0,安全
sI6Bwh7P3OuHftLr,动力,0,似乎
iCSrZBo2maTWVYqA,动力,0,2.0
esqiA6b9u0cJEjS3,油耗,0,新
DWyohezJr0CQONqt,动力,0,五千
YFsPnXeEVmh3LJRf,外观,0,喜欢
rytcHs5GMUWREKfj,动力,1,不错
Fq1kRMwxEa0rnJyh,舒适性,-1,大
gHiD3zTUrPCd5FWs,价格,0,没
tusndCeJTcZWXl1M,操控,0,不好
IBwacFpzU3vL15EJ,操控,1,贵
Y2C4dxzm9JLKywXu,配置,0,OK
P4vcBzdLeQJ356nR,配置,0,升级
jHrbay0T5MYIFcfC,安全性,0,气囊
XJ3komsO4CZ0KFYr,动力,0,空调
1wqRWndTe3Vh28gZ,动力,0,应该
atvMkpfeVu4Tlgrs,动力,0,热车
q0OhwytNBT3Pe4Rk,操控,0,低
VoijeQ4huWkB0ZlL,价格,1,大
WUQ0Mhu19dvPcsnG,操控,0,没
yn5Yup943KleQIDg,安全性,-1,12
tqJge3EvVFUkxd05,操控,0,小
wcopTmyzvU53ftqe,动力,0,开
EVMhc9sRnktBZ2I3,动力,0,车轮
QWD8lycXxm3SKe4z,价格,0,公里
C3eBiPdDrc7jagOt,配置,0,少
V35fhcb8qOw4uZBF,安全性,1,好
QhrgY6ZaNL4zjfJB,空间,1,肯定
0pJnq2mEzhHZ3Arv,油耗,0,楼主
BbjC5XQH4gaSZiYe,操控,0,好
oGzVQxeU1yStugZM,内饰,0,买
jtbe8gZDGCEf9UOW,内饰,0,建议
cDQiy0dnrVfx3MWl,价格,0,大
H0ibSq4ndAzyE1hI,动力,0,驾驶
scYqrhITWwSnje5t,安全性,0,没
U0yhjQEPS9Im2tBD,动力,0,换
NlxgP3eYt0nzKB5j,动力,1,高
zO3ND7P0C16gotiw,安全性,0,硬
PTDA2eULVg8NcMZ3,空间,0,2018
UdtE90wj71gQIBuD,动力,0,市区
Ur5LIl1YoBjWQEJg,动力,1,随叫随到
gdibkoSsHMfZcaIm,内饰,0,加热
18sbwglESLoPCJ9I,操控,0,太差
npsTlXveJmibUHdj,动力,0,看
073DfApbZlcJ1tWE,价格,0,换
7vlHt6GnPFKQCUVI,动力,0,差点
XEvGcYdbnIVTSL2R,配置,0,卧槽
zuERVI2Cc9FjrKq8,配置,0,原厂
Be8g1L57jXQ0PRcn,空间,0,大
93sWiKgY4UC8jDSk,动力,0,好
az2weAL6kCjmvVru,舒适性,0,空调
yPUh5KZ9vV3lpsGB,舒适性,0,买个
MGfTopKhv3tr67Ik,配置,0,16
RuGhicS6dUIXva2E,舒适性,-1,换
20o1aeNxbApYK5SO,内饰,0,车
g2vFMCd1N4i97KUQ,价格,0,斯巴鲁
fYnArPDqmTlIyagt,动力,0,好像
cXWsxD0MTKQwEVpe,操控,0,安全
1KiNolhdjJ9z37AB,动力,0,驾驶
TcdzWbYEAqNIiPyp,价格,0,肯定
qx2nhsRFDvKHW68z,动力,0,十万
zlEgoQBSR0eHYWjw,内饰,-1,差不多
ltj3xs5h7oEP2z4A,内饰,0,古铜
yeBbRYX73hd94WZI,油耗,0,高速
nlf4epZz7URcOWjT,价格,0,好
DnmNzoYrLgcAaS6I,操控,0,稳定
qIn7kULExg92VMcK,油耗,0,爽
Hif4ZJjkoRw5b9tE,舒适性,-1,好
q6E5DiKcn0GBZxoT,油耗,0,低
gzuM7rRSdkc3yoVH,动力,0,黑盒子
Q02UuKePZtja9Rdx,安全性,0,不
3OFdtEnJhzgjDvwG,油耗,-1,高
9FVrmxcqvdC4pnzf,价格,0,想
kXnywtp49dbE2aYM,动力,0,足
snIOM3ePFcyix9BS,动力,0,换
JU7rLiNatO89MEwQ,配置,0,够用
ksYlK4CfjXucNvGZ,外观,0,好看
mhdw9QJF0Kfp175H,油耗,0,好听
KztJLy2av0RTEioZ,动力,0,好
uTUzYxd82EJw5bKO,动力,0,换
1M3ASJzo8XjtKBqE,动力,0,没事
OvSEW15GR9L2TYpC,价格,0,差不多
x0pVSuD3Brs4QCkt,配置,0,好
ieuKRNqP0vEIycaB,安全性,1,没
zF9Mueid3pXalrP7,动力,1,完美
WJFMnwQPUj8iLdSN,动力,0,就算
6Tl3EBqAXL0o7sSM,配置,1,喜欢
8GadRbIzViTqyx4F,内饰,-1,不好
VpLeaYSlRTqyMFgK,操控,0,没
M4GuJmcIwU1THDed,油耗,0,没
m7FbotzxgiPfsJLS,油耗,0,正常
m4idJxSGcC0lhnvR,动力,1,秒杀
kgEYWcjOxbNoz4S1,操控,1,安全
5bldocje2YZPXLQI,舒适性,0,喜欢
8gpBxQOPj2YEW7CH,内饰,1,实用
n5aKxi3ZbAlHyNF4,动力,0,还行
LbDhIE2q3Fa4efJX,安全性,1,很差
LU9S1nwJeQicBPFH,价格,0,便宜
Lg4DuFNV0jPnextY,配置,0,美国
iKM0y9SRhw1raBps,操控,0,方向盘
ugF1Y9NsOJaBbtS7,动力,0,车子
vxohAazq27Uj5Dt8,内饰,0,图四
GyS9fbm6AiWaTsXC,操控,0,好像
G2hHFZ50pPMQksXo,动力,0,问
gOHKCLapJowzu8AR,动力,1,好
DLJlzgK14pc7GkNq,配置,0,高
ZeAFK5tdv6V9ORYJ,配置,0,还
RVGhbxrfQcIwlFdL,安全性,0,刹车
U79aDc0xoKFMbyhT,操控,0,左右
72XjGlFSt8QbsKHp,操控,0,奔
nWp4U7IiXA6PrQmC,价格,0,优惠
OT4cMNr6vXoZKSCn,价格,0,优惠
WQ8e0VLzm1Nck3jt,价格,0,优惠
5jCfSe8z9wo1sU6i,价格,0,优惠
Q8yxEWpPwmJtscbn,价格,0,优惠
Q9lsB8x6FvkDroPV,配置,0,很少
YPyQjeoxu0N5AaqV,配置,0,才
ILV2xjt0r9Ty1f76,配置,0,换
kZxn5LJOHMV3yGet,配置,-1,垃圾
RwfKrGUZibBAMIgq,配置,0,好像
y3WuIhpVe5qKMsa6,操控,0,加热
Bq8AxjuoinbzI95L,舒适性,0,轮毂
PBzSy05iMmJe9LWj,舒适性,0,换
m8MyxACkfqj2lQNF,油耗,0,高
Kx9qJV7Bwcn8DUhp,油耗,0,车正
3xW28YUPNywkseaM,油耗,0,高
i5MfVSO48chl0u7N,油耗,0,驾驶
mhJoGpyU2zefLv4x,油耗,0,驾驶
lctobe5GjuBCxy4p,油耗,0,尊贵
ehkY7aj6X89xMyr5,油耗,0,省油
BylRVaPbFuH60W8M,舒适性,0,空调
aDVYRH7ef086mjsA,舒适性,0,空调
8OQC6rfwd4vFhgic,内饰,1,内饰
7MtT8ZihRLFqO1bw,内饰,-1,升级
0PLuvKeUR7rkHsot,内饰,0,大气
3m21lZW0VHhj8ubL,安全性,0,好
TymcspvV9EQjfSRw,安全性,0,安全
oHyUi0BYVrSJ6ILs,安全性,-1,太小
iQBEyOb6tc38jhvC,安全性,0,取消
yNW7hAIvr2E43fL0,安全性,0,可靠
1UZSqnC93b8B2gmt,操控,0,专业
g0PoIQprMBdbhHmv,操控,0,优势
VyN6x2SP9EDpfJCz,动力,0,正常
LTxHPB31aI62JOMX,动力,0,烧
UfiAyxpkvQdguWY6,动力,0,烧
CLo6f4RbAyFB3I05,动力,0,烧
Px5CuDqJOfvEswra,动力,0,烧
n7dWQKx5ZtS2NLvu,舒适性,0,噪音
0suojbqVSYImN6d8,动力,0,烧
RY9SQqt2147cxZsz,动力,0,没
gAap9wMyXxSuQc57,动力,0,烧
qNZsXBg68bamyHQ0,空间,1,大
ngzcR7CiS4Db1axN,动力,0,差
oGI7QnWD0zJZcBtx,外观,0,大气
8mYAsyPTbdnLtoEG,操控,0,换
Elt20YcRZz5FhuWo,舒适性,0,噪音
w9d56j8OgnCKvPcL,外观,0,黑色
G8hZaqu15NQ2zsJn,油耗,0,差不多
CY8f92BOTH3t5lW6,操控,0,没
CXLI764WJbzQhcSZ,动力,0,烧
enEtRf5B8Ij92uz4,油耗,0,高
fAhkYX2HCdLWejRb,油耗,0,高
zGhESjKu9sRvXqo3,动力,0,换
4oFy08L1DuhbO2dp,油耗,0,正常
sACTVgxNDPSJwRtj,油耗,0,两天
KMZARaNglYCsJ0jo,价格,0,便宜
DBYMylWrtnzuojCP,油耗,0,才
O80sCRxGwAri2uNI,油耗,0,大
rQyPXo39gUnVRIvL,动力,0,担心
mkCj5cg1rTxzE7Kv,油耗,0,低
yvrIFQCnOUq03lD4,动力,0,没
pL21kTtr8gRxhfWy,动力,0,安全
mJjQ4GHoElIXfqAU,舒适性,-1,异响
gS8mMHCB5P1LkEKu,安全性,0,不好
h8Lau6KWxfmIOPj7,价格,0,优惠
6V5S9TmChcoGRbYg,舒适性,0,高
CWdGUzmhA9Y35wPj,配置,0,不好
YtMgvoicjZsrW1Qh,动力,0,都
l6kZj5wsr8R4AKUv,动力,0,小
4grifhEPpnxc0WS3,动力,0,没
TmBDYCLkqhX68ysv,价格,0,好
lQEBMIFYh3W2ZRda,价格,0,优惠
u32zFWTmvhSBALfV,空间,1,好
eBAOK0iL9kRTu3X7,价格,0,合理
wEgZ92N4b6AMOkxS,价格,0,先买
0Flnd8hRq7C9kLGP,动力,0,没用
Pm5tHqoJKC2zvsD1,配置,0,之前
BnVNYmgcslkfGDSe,价格,0,贵
eaUX9AmLpQBGMIdT,动力,0,烧
HoA7taEmxsXCILlB,安全性,0,好
iKvqEVW2zx6cfMPA,舒适性,-1,噪音
Njqb59iEroQOJ0CX,舒适性,-1,抖动
aGZolLsBfVYvHJq6,操控,1,驾驶
dbX9HnOZxTk8acjN,舒适性,0,vv7
Smr5TJxypWblH4Uo,油耗,0,换
AxXtv6CNauVQ2EYS,操控,0,现在
saFThguOB6fZHbAw,动力,0,没有
puBeAcLKxDWRJgCH,舒适性,-1,异响
ZWw8NQeKMT3fXbJR,动力,0,机油
0lIuJGehVMFN3YQR,操控,0,没有
Y5Piob0TJNsqxyIO,舒适性,0,空调
HMb4EDrQAZgJy5RW,油耗,0,16
JYBR31ezsQObFVa0,价格,0,区县
2HM9K0C3dWPmAXjk,动力,0,没
4mupsO9QdHIjAZCx,价格,0,优惠
9SHwLQYjuI5dRtvN,油耗,0,省油
kRxYP9qzbWef47mc,安全性,0,差不多
DkSA0nRvwyxrmJzo,油耗,0,高
K7iEzF8jtpLvc5qH,动力,0,实际上
DYxPBjZendkSpM3b,舒适性,0,没有
PZaUybTwCt4jqsnv,动力,0,烧
BPnjDGbgATUfy6H3,舒适性,-1,没
PSY0qdpjryGK9FNm,舒适性,-1,异响
DFpjJkdehuvLStTE,动力,0,够
kz6lDqx7PQcRBoVv,价格,0,优惠
vgAGd6BS4pHa29Rt,动力,0,差不多
nMXptb4eFWO0HJGg,舒适性,0,大
EctJhFjIHKv871dr,动力,0,正常
KzOcf2gUuVm4oIyh,动力,0,贵
6pu0SFqDrhfeTEUY,油耗,0,市区
oak4npPgcZBGdeE1,动力,0,没烧
UhAyZtKqOQDXFip9,安全性,-1,异响
U8VCky2zHw9neYr3,动力,0,烧
6yGYa4nW5zcSeARP,油耗,0,没
n0iGFeumh7wbZfc5,舒适性,0,AT
gcvFNLBunQA1rDq6,动力,0,原厂
CS8uaGHjZex7nqLv,价格,0,增加
s724WXNFcAuDngeJ,动力,0,合适
h3NL9F6Y8Je1PCE4,动力,-1,影响
ogGOmYu1jtDZQ9aE,动力,0,想
JO8tRVkUlmq7MnP0,舒适性,0,空调
3AJkt7mQYBeqS8nf,动力,0,没
xF860eoBE9tMkgcD,价格,0,优惠
d12qenNXRh4oEWkM,动力,0,9
TU8qXLNScFeEGJop,舒适性,0,差不多
MLdqs6WeHn2BQNS1,油耗,1,好
Lp10l8mH6BTKExyP,安全性,0,熄火
EhvqxVprbJ0KWk3U,配置,0,更好
91Jqs0gUj6cG5h3V,油耗,0,没有
Q0Eh6Pc19WxsfYIz,安全性,0,异响
AsB7ojNxuFhLXyW9,动力,0,担心
pT16YmJPVbAU4kQM,动力,0,造假
o81JW3GwXYbiFfqy,安全性,0,没有
0BvCpAUIK2TVrbl8,动力,0,去
1LDt9yAJwhUZK405,动力,0,大
W3p7COTRkSzjK56I,油耗,0,小
9vnib5NlZmXjGRsw,价格,0,哥们
3k8eQMZPvtwiIFHx,配置,0,好
bSJW1EvDTLnhU0qO,配置,-1,增加
Cj8LbX4Gs1icVz9P,配置,0,没有
xpwuMGFyiq06ldaO,油耗,0,左右
WOKSEYap1DMc5iPt,油耗,0,省油
sR5IdcrS47ACxgkf,价格,-1,没
GO8AHDxYM6FyC2KR,操控,0,没
fvme2FaMH4K1AIWG,配置,0,直接
cC7ZJ9QgyFRduO4w,舒适性,0,空调
PfT21Y8IqGeOik6M,价格,0,优惠
qYK5ZvFwyMj9HbxQ,价格,0,高
i60D1tkneHlwOWK4,动力,0,左右
uRJFKHw50MWCgQEj,价格,0,大
8RjxP2OmA6FzaNfv,价格,0,没有
4T3COzh0KP98wnWv,油耗,0,高
BS6GJonqAjs3i5dD,价格,0,没
3ufdvW9n6LpxtUmo,外观,1,漂亮
WzG1hoF0sn4YmMNd,价格,0,优惠
Syba49BXGKAj5E2J,动力,0,最好
XQLp1W6PUGiSueDC,空间,1,大
4fi6wDdFSEjBIWQ8,空间,0,大
w2djv1uBiVHhNIAQ,配置,0,鸡肋
pz8P7vGWgAeoUbrc,价格,0,喜欢
n9dFxNf8SVY6wIb7,配置,0,买
TEJua7ojl5kVQ4px,动力,0,好
cxdNAbiwF7ar901z,内饰,0,喜欢
t7mqEcPgjBi3yMXG,内饰,1,好
opQNKOJUsPm8fhqF,外观,0,主要
PqnhGulHWtDrbRFU,内饰,1,不错
QXv8qNuizGcjtOae,内饰,0,喜欢
AEJ4Rzqk8PL5bFfg,价格,0,关键
v2oQzqurO6aEdAsh,价格,0,不大
ibSO4ogXnq0d7Tfw,价格,0,性价比
pDnAP3eMVs1j47Cb,价格,0,不够
5hlv1GcgFWRDLi8u,价格,0,觉得
Z7ovg4rQWNT5czpl,价格,0,2.5
btQj9E65G4gSrx3m,动力,0,想
jaFxOp42fse6RdLK,动力,0,优惠
KgNLqSsR5rW4az0P,动力,0,弱
H9Eqg04t2xn6CkJT,动力,0,肯定
H8eBXno1LjfbMyPW,动力,0,没
FsEWPD6SoKM3rN48,动力,0,不够
AlF5rQZI2mgRdhGi,动力,0,后悔
H5oIvqrNuGT6gbR9,外观,0,2.0
p2zCmiu4jIScUXew,外观,1,没
onsZ8B5X4uVcaU0I,油耗,0,高
93pxjCQnsPHiXTml,动力,0,不烧
NM3TLgmaheIbqz4W,动力,0,烧
eRQXz59hG70FxqEJ,动力,0,法庭
cwGbU5WZlaE4mFzC,动力,0,怕
jSERDcwzuegam0Gi,动力,0,持续
RL8iomre3TPFyBqa,动力,0,烧
khWTLVBRobvUn3Ga,动力,0,超车
S0D8e9tuBdQpaWFM,动力,0,爆震
70s9f5wBXxQyvIeJ,动力,0,渗油
nhK3bVtY2XqfoFvu,油耗,0,车
N6SOwHa5DWnUL4YV,动力,0,烧
iSkQ6VBe41l9s3HJ,配置,0,肯定
vEjHlxB509aiUh1L,动力,0,安锁
JzQNiRH9sdM70n6F,动力,0,没有
p5diMJHQ2AchUxVF,动力,0,不要
Gczub7DEkxp4VRhN,动力,0,没
Ziu2rQTNe3YUJD6v,动力,0,换
LN1rgVTHliQMzw4S,动力,0,没
jZTniaUmkgNuroEL,油耗,1,没
WlpdjUxNifwH39Qv,动力,0,高
UMN9f4gjq5VCme6B,油耗,0,市区
M9maZYhelO08UcP7,动力,0,4.8
mv45lRIHiagoZPuz,动力,0,换
50URtN4rqHjKGT7p,动力,0,低
td0peuT5361WJCy7,操控,-1,不够
ifU6TJRIqQ83MBm1,操控,0,驾驶
1hTnwObE6Pv4ilI2,舒适性,0,不错
sWdoqgak2prV5Xfj,舒适性,0,好
sTEj9duGX2zAqIr8,舒适性,0,静音
k3dnRXbhuqiMje8D,操控,0,我开
OiM0P8nZ6Hk7ECLR,操控,0,感受
5r40CE1jGfLliA7k,动力,0,正常
nbtiQjg5371Df8Fe,动力,0,换
RAhPKc3w7zYvTkoD,动力,0,Fb
zxho9ZN1fG736tIX,安全性,0,好
sY8baihTfECGcK4q,动力,0,才
puszkRaoPD9hf7g2,动力,0,谢谢
PQRy47eBIkvXzLmH,动力,0,水平
KPlyLQFwz5RshMjf,动力,0,提升
lDMaYEJdVBKTu2zy,舒适性,0,换
TSU6zwZnRQ4cuqLB,舒适性,0,没
9TWx532X4h7wjiDy,安全性,1,没事
6jm8uWBCpZwo5RFI,动力,0,轻松
4tWrTOAjecVDyFYl,油耗,0,差不多
XK9dD5vynI4oGskJ,舒适性,-1,异响
qscgnZPK4FGwLV38,动力,0,正常
tgmdp7VPTv2qicoK,舒适性,-1,异响
DoV8dMqFstKXEUwh,安全性,0,请问
GTx9wel45ru2LZoS,内饰,0,市区
uAzN7fjJWyQq6KXD,操控,0,厉害
2ZCfsbon6041kpPF,舒适性,0,空调
HgApRX8nqjJlEO0K,外观,-1,异响
H83bKrlde7D2pNLF,配置,-1,垃圾
k5A2oECXbvlxpWF1,安全性,0,好
EsFeCWZ4pAYLjkOD,动力,0,加速
mUHbaghwpnzBtME9,配置,0,换大屏
8SjFg2purME4Jx0A,价格,0,便宜
e0kYOc5iPx9mR3jv,油耗,0,不错
HALEWZPmhvTzKjr8,价格,0,有没有
2Hp9McN70xnzy8qJ,操控,0,熄火
mWbG5Zc1zwy6KtjV,动力,0,尊贵
AEYbGMtnhrJ76sUd,舒适性,0,软
T4Y9Apfq2BesIGlc,内饰,-1,吐槽
1hM4eqwczXF6buG2,动力,0,爆缸
wtoBu6QpKzlO8maL,价格,-1,贵
GRXzZQMwAeJu7COd,动力,0,不好
bKsdJG5Bu4QFfAEL,内饰,1,没
TIMa6yKYE8fePg17,动力,0,好点
UIC3PqTcutWdFNVQ,配置,0,兄弟
39GHL0vs8hg2bpl1,动力,0,好
Jmb32XBrZgTNhi60,操控,0,车
es0ZgKMEINc3vajU,动力,0,不错
wrLa3dy1MTJAUbIj,油耗,-1,不飘
jGglFPieTJX97Uxb,动力,0,高
k8G4vxE5maWVOiMB,动力,0,最好
XdMQbHDq7Vs3n0IG,操控,0,哥们
QZHrOlg7P4Xdy2Y3,舒适性,0,噪音
u0K4toPXbnlJTcmL,动力,0,楼主
uzfj7oHsXO2nmUxC,动力,0,动力
JOBqrRszQ5LFT72X,油耗,0,市区
pURWwJXEY9boHvLq,舒适性,1,大
jyTlYHMnAKc4EROF,价格,0,贵
HRLxcVG8YaWArDqd,舒适性,0,空调
rCUqz3A0k5PK8bEV,动力,-1,抖动
beH79mYF60rqQwKW,价格,0,没有
ay6bwYNud4KBVJXg,动力,0,不好
amIEoWFrYfbsRyOq,动力,0,换
CKWDlRyrYdQq2iBH,动力,0,开多
YxvTf4hr1odFwyM7,价格,-1,放弃
VYRCeOz63ky4UhFP,价格,0,合适
5gRpXMthv6sO9lme,舒适性,0,空调
mCcU9XgIHYWsL4qJ,油耗,0,说
xZvGCk0LXS2ITgHe,油耗,0,没有
G3gFzhjsWm8xqHTV,内饰,0,才
SoiD43pfynQPmJ7V,安全性,0,换
2b6R1V7kQS8UMxY3,动力,0,新
EnKrOoixv9Bq0b5Y,价格,0,改
V52Ubc3yioDXqkQ9,操控,0,根本
DhQW8jsTpyqw06o5,油耗,0,左右
krc0zWjpYaKuOIUT,动力,0,说
WMfT8mP6bRpHnhqr,空间,0,阿特
TlQ3NGwt1ZzSO9B7,动力,0,省心
CFpJR65ev0MizD8X,动力,0,很多
EVG6bXaQxSCN1Ake,内饰,1,新
ZYL14a2ypDcoB8T5,操控,0,没有
NO8VzjCTMpQ3Hcul,动力,0,爆震
VL6jHoQ8ZpyIP0tn,价格,0,强
cCgJT7PV3mbx21h9,舒适性,0,没
V9JNZ0vxUCWDsfrY,动力,0,没
sNtAReLBfbXuTcyH,外观,0,没有
FRkSi7Mad9B4He35,舒适性,0,空调
SuaPyk6KrBWiLl8I,配置,0,山寨
3IULXkViPBDKYjvw,动力,0,动力
MDFGsd5R09vbPLht,动力,0,动力
bMUeh2VjrukxmNAD,动力,0,一大堆
24imyrkH9Bcu067W,配置,0,山寨
QeLJ6w9EB78bulcj,动力,0,后悔
8g9n4vVqZQ6JSP5x,价格,-1,实惠
jF2o1uBciOaKARx6,油耗,0,正常
dL1EZgfl4RjkeKUh,价格,0,贵
2VWOd6lnSviTrQY0,动力,0,市区
l78SQPcmBT9DtqNj,动力,0,高
YGIRkO0Zh4NtVnmF,油耗,0,玩意
V1NSF709AmjTRPhe,价格,0,差不多
yBOG7JzfwRZxHVUo,动力,0,优惠
1VkicdAOjC6rPqXW,油耗,0,低
zJjMAVQLrfeUms3Y,配置,0,早
3hctzfuMi9F0r17m,价格,0,好
A34yvHZGOCmtczpf,价格,0,肯定
CkjQS5YZNHvFAXzt,价格,0,没有
5hscw7oaqFm3iCBx,操控,0,好
SUV7QinvDBPmL5OC,价格,0,森林
pGEBk04J1dcLUThW,价格,0,低
NvOgzwa9XLkhEZfj,空间,0,没有
v01eRdCPMnOKw8ty,操控,0,意思
kO0yL4m76xbZ8IUE,油耗,0,定性
VjDzCfoU89EvMbdR,油耗,1,没有
tyDsn2CHM0WJzwpX,动力,0,动力
64eN5ZExUkXqpPa3,配置,0,没有
6e2J5pdRaqDWvSgE,动力,1,足
wHYay9uoQIO25Rht,价格,0,网上
uGTir0Q8SBej1wAN,配置,0,感觉
xGaLW1hdRjQFKXcN,空间,0,数据
JEpFPS0tBo5O8hxu,配置,0,优惠
AGjnT4Dd8bOokZz2,操控,1,空间
dXbirf1CuyFszlKO,油耗,0,左右
nBZzr916y0SKtCPe,动力,0,没有
SnXce3GqCQd6tfFb,动力,0,担心
wWxseS1cGTg2DhHK,动力,0,没有
reyUlXwx6YZHf2Nc,价格,0,优惠
um2A5EVOerPf1ZKS,动力,0,合适
Aa73jxLqprzgl5VT,动力,0,安全
7KRGZL60qn39dMXN,价格,0,没
Jy2MjFViEeBdm4St,油耗,0,驾驶
QY9l3vw28UtiBCs1,动力,0,强
ho6QNZl0uXev3C9q,油耗,0,差不多
0ZcJSahWkL3TmIzN,动力,0,排量
CM0TrDvozKejJ19X,外观,0,我加
hTSecn4GNgLbAKHM,油耗,0,市区
3IxjdMX1y4NOf6Dn,动力,0,正常
L4xNKFochkw71QBZ,配置,0,时尚
fkqNdWp61ien39JX,动力,1,满意
7Gb4jFNMRYgvLlDu,动力,1,喜欢
0HR9mNhn3dzgXr1F,价格,0,取消
3oqNdjLtr6HBxkKD,价格,1,便宜
uUpHiy5kTCXr76fq,油耗,0,我开
sDLvXxwqMJf5jgTc,价格,0,私信
lhu7cmGoMekHqBaz,空间,1,肯定
uWgbGATV0jOoarDw,价格,0,当地
rf7MZgcWesEv6SuX,油耗,0,没
jEpFZwbyDHo9tXkn,价格,0,好
Y4E9pN1kznPewcUO,外观,0,新
H7l3YEvyKQaIh6r8,舒适性,1,不错
389Drm5jzBFvIZ2i,动力,0,第一
JOnA6lRuWev9gcUC,动力,0,不烧
JK1uU6QgvX7FPmeC,价格,0,建议
bagL1329tZij0Pme,舒适性,0,10
bXUKus15n8SeEHRt,内饰,0,OK
EFY6DBolxfH7Cj2b,操控,0,规格
FGRbjwZTUlkg86pQ,内饰,0,好
jlxnYgNMRSEbQ47I,舒适性,-1,异响
Pzcjy48JxafdKIAV,价格,0,不错
hxR9gUEeVuBHcPTk,动力,0,钱
rN1gsRZq98mTL2ow,动力,0,便宜
6vnwrqt9EU048AJD,操控,0,加强
YiOzfUcV1sy6KxIE,动力,0,新车
bkn08zQsyqtxGpL4,油耗,0,高
Qw3Icen09U2i4ahS,油耗,0,好
X6sGr4hBNU8awZ0H,油耗,0,油箱
ZUCOEHAd1ga7LFxk,价格,0,求
ywJhqCI501xpn8Tu,操控,-1,高
yoH41Gi9Y7RXmJwK,油耗,0,才
QptxJrH7qsfiEodS,动力,0,怕
rGgeAiF6dkhOynmp,配置,0,使用
USo8k1D2Zwh56vVB,舒适性,0,空调
Ec0zbuRis9NHpyIQ,动力,0,没事
ICnk96qfHQtTULAc,价格,0,优惠
Ps6hZcIAX1fFYlCv,配置,0,闲鱼
zyCSDkJLrhWE8KXR,动力,0,驾驶
UyhqNBf53jE89orR,动力,0,低
tvTr6MNcyhmkuRAX,舒适性,0,换
mCtk2EcWaBZRTzG4,操控,0,方向盘
oQ49SFW7I0LybuqU,价格,0,正常
O732ncCsp8Rr69oF,空间,0,可惜
fxyncAKhsDum2Oob,油耗,0,高
gWMql7QIZcVFX6y0,油耗,0,正常
jWgdAn4QIHRk2uUs,动力,0,请问
AB4sGnS3vVEq8Dxb,动力,0,好像
6wxXOpZHJ9CNtdeT,动力,0,不好
fMt9sXq4pGHT81CS,油耗,0,均速
cdqKw9jfWgvQ8NEm,油耗,0,差
Pm0r2h5HI76nXvos,动力,0,换
YLIEz3wdkUNMa0HJ,舒适性,0,正常
3bhVfsTD75wFKXCn,动力,0,烧
raYDzok54yMZCOSW,动力,0,换
cL9T6irqHNDsZfPe,空间,0,侧开
qfdGDCZ3PeKxNwpn,油耗,0,舒服
p4kMIBeaTxqrHFCS,舒适性,0,空调
X8wU7Mr5kBcSDxJh,动力,-1,烧
AohYceIpjN7wJ2zg,动力,0,使劲
78vjfAny6s9aIKmO,操控,-1,好点
O6ECF9ct4iuMlDJ2,动力,0,性价比
1HKS4tw3Z7r5Mjbd,动力,0,CRV
bqlw4Hz1UL05MRC7,安全性,0,无解
lu5Ji2sjwNgHOBcV,油耗,0,肯定
5kwbXrfVS62FnKDh,舒适性,0,备胎
EtMWgPap8VOK0ydJ,内饰,-1,异响
sghfQnLUcSOu4DFJ,操控,0,车衣会
yLlrQXn5hta4bG76,动力,-1,烧
LFeDWjKa7HBM4sS2,舒适性,0,骗过
atzMAVxk9SmRh1N0,空间,0,不
dRpfDLrSM0sYWvIB,价格,0,没有
NbFEO2GfgL1dJcQM,动力,0,安静
e0v8JDt3jqNnIVUK,外观,0,图中车
ioUIrmX7F4V9bClB,操控,0,松垮
jaOzYwbXlD4sMEfe,配置,0,安卓
WPIkOoDsAQl7hiTN,价格,0,空调
VhlJyLza5ERfxDnZ,空间,0,性价比
52jEpMRoDNvPHwSb,舒适性,0,噪音
goW6bEX5lPTeBjRt,配置,1,小
dBKTF3eiMoyUELhb,配置,0,装
dMtgGohl5s3VZHqC,配置,0,最好
pL13OljJzXMRiGmZ,操控,0,小
1KRVcuea2SYEsynd,价格,0,优惠
AcT47a1YvjXbyodn,舒适性,0,没有
01kgxZUTtfODp2hr,操控,1,不错
PxLWHR4po8D1T6A3,动力,0,换
237pFikwragGBfnt,动力,0,昨天
Gjc1XHOVlKFe6ItU,油耗,0,好
atLdKR0lSyEH9sMg,配置,0,飞机
Lw9O210Qyh5Uut73,操控,-1,省心
8NnaMkJhHyALDcPZ,价格,0,方便
ODvT15rVzUQGtxWS,外观,-1,顶配
szJOWrFC4H97uDUo,操控,0,超车
gzGyHmUJQuaEfNhM,操控,1,好
SVaOfb1hoyPzv7Lq,空间,0,昂科威
8Y35jtbpHAeThg70,价格,0,优惠
KfFAPD6TohrVGUSs,价格,0,优惠
rQWPNRL1mwxsF7li,动力,0,大
wnyujq8gV62lDU5Z,动力,0,没
AHrjUh6xkJ7dRcLW,价格,0,追求
Oa4sklUTNDmcpbQw,动力,0,不足
uPwVh0CZYoTeGnbD,动力,0,换油
sP2Ax8OS9bgIafqE,内饰,1,驾驶
Oey5EIJUc4PQa36m,配置,0,好
eTKhpqbosaRn5jLZ,配置,0,鸡肋
R52zpKF3CkvcYhL8,操控,0,开
eNou2KY4lv1CBD8n,舒适性,0,知道
4Nx9kchmQwlHE3YI,价格,0,差不多
K3Aby8kS6urpQRYa,价格,0,优惠
jRIDftoT6FSWVA4Z,油耗,0,低
TFtAxJUkB9RpYbaZ,操控,0,不小
QKtFkz9vn68ErxUm,价格,0,优惠
Gbc8jJ3iENw7kISz,动力,0,不错
UXA1P7V5bJhiG9tx,动力,0,无奈
LoZ6kfgdemxuANYI,舒适性,0,空调
ODQsAT5ieyg9JNSG,动力,0,受不了
UJ0uFwKlp9qf8zW6,动力,0,肯定
cydDMeo04TnBG92s,油耗,1,高
BaEdk14fSL96ZTtN,舒适性,-1,大
FfcOkjr9XwMlZvIW,价格,0,价格
6Zw3Q5dDmTPYzrp0,动力,0,烧
VZsxWz1fbk6DLFXO,价格,0,高
xwpBL2Rf89F6qO0u,价格,0,高
bMpL97f6tirSwcxO,配置,1,太好了
r0XIUAqlz9aQcvYB,价格,0,合适
Cy0ZOxkKhMoETNqS,油耗,0,差
TROFwzH24CuexUZd,配置,0,没用
Pm7De1R2OuIa0AGB,动力,0,没有
6p1Gd4CbI5MALmxq,舒适性,0,没
xr9naXZ6QuegToj1,配置,0,直接
1SK5FhgGrNiCPsYV,配置,-1,18
voGhsAS2uf8jCpWw,安全性,0,刹车盘
OeLFcmtvT4GaQYZV,配置,0,没有
LaYhq2ci6EbpOzXd,动力,0,没有
q0bRKPpSCtEGhmga,配置,0,见
3HdWEaZ04DPAhLfk,舒适性,0,空调
zf81NdHe4J0GWY95,动力,0,差不多
6TLua3NxbHo5Rsj7,油耗,0,我用
pjynGY1xS8M6JhdQ,动力,0,好像
f7uH1xAdhCX93L62,安全性,0,刹车盘
wU1ipRTWtdl8bhYn,动力,0,检查
9KQ7RiT8vdOeroHb,价格,0,大
KBDSkAULJQ6v4WVT,价格,0,好
8E6B9V4pZ5jtXInA,安全性,-1,好
2Mg3CxG1vhfWHAVk,动力,0,楼主
Xt6faCsrjGKRExku,动力,0,之前
Ff5Bh7nHMvISAoqg,配置,0,后悔
hFuqAespIJt0MKfP,舒适性,0,空调
shaB5qOUiVct1Jxf,动力,0,没用
cduP0IO6QzeqXbg7,操控,0,换
TNP8GkgvxcYJ51dS,内饰,-1,好
s1bqrGugAkB06xZj,操控,0,灵活
WUMfjXzKCtP4F3qg,价格,0,总
9trKxFco3S5iBeka,动力,0,超过
IPMSkDGKeciJZmTf,舒适性,0,空调
dHTaEWKxyYoBc5sU,内饰,1,驾驶
AMlzYOEDGNWr4tUI,价格,0,好
pQLoOrdDjFENC5IP,安全性,0,换
1rnyWNaQlKjGgpHs,动力,-1,异响
Jy1LwbjqZgxI7AvY,舒适性,-1,市区
lcHAXhtYT96diyCg,安全性,0,喜欢
3Td6ia7n5BNLqjxh,配置,0,一台
8T4wfUGLgxm20WZp,油耗,0,再
6Zf9kPLzJDMnxaA1,动力,0,没
3NQxUShkd8iuRemf,油耗,0,满意
amI52NUMlDGfjZse,动力,0,正常
5lWHK0DEnU7g8S1C,动力,0,烧
3ePOA5JHayrbDik8,动力,0,大
1UFKiJnMPgWyGpHc,动力,0,好
fV6y2A1na5iSImbp,动力,0,不好
cjeL2RdTgBrzXisv,价格,0,好像
4C1iftvQzxIA29g6,价格,1,不错
D8PrMauq3jmVIpO0,操控,0,没用
yv10mXsOb8okPVHz,配置,0,16
4ft3dcD51ujCWYrR,动力,0,换
u0PmnoGdzNIRy4Q7,安全性,0,厉害
GRlhBtC0dvqozcDr,外观,0,其实
1IS5ErKoGiW4Jjls,价格,0,换
2xquOsEThjWnBbNR,动力,0,换
yT5KQ81OwgWksu9o,动力,0,左右
GjcNvgzmyAlk0CtU,配置,0,帅气
enGqUjh94tM7gNRY,油耗,0,换
l70jQ4sAmbVhSCE6,动力,-1,没有
nrV4zqh6A83S7IaL,外观,0,没
S5LM9Xt78HWUwjvz,安全性,0,小
qE5DawnupNgsJvHh,安全性,0,让速
Qe4htWX3MpbTo59f,操控,0,去告
J5DLaj2MlofUKtkT,油耗,0,上升
Gx5zIE8tOnUfiCYy,操控,0,小
THFr9R5wPhEgeLus,安全性,0,刹车盘
7PYVKRsj3Ftm0Wop,价格,0,原厂
ZwWhIekUOgL2TaVf,价格,0,宁波
lwz4A0aUcGDJVOxX,舒适性,-1,大
B7zneJI3pla8kQGD,动力,0,呵呵
Vhk03O6jgnm4v78M,动力,0,没
fjNK5psFJVzrPbgE,空间,1,大
ZGnLHOQMUmTYfusI,配置,0,贵
2hqQiRpTBVmNdtEo,动力,0,看来
j7v1Qtbl8G32gNZn,安全性,0,假新闻
OUIc9F38ut6MoGex,配置,0,中控台
SZDd2UfnJ8lOxLTF,内饰,0,不好
eC5MH8XYjSpUITo9,内饰,-1,差
1NxrRQWBTJFw7A2d,内饰,0,好像
h1rBlfXKxHVO0Nzu,操控,0,驾驶
LI0lSFPZDOzrqnyj,动力,0,漏油
XGRehAmp9QSzZCNL,价格,0,算
54BO8AXVfUluaEn6,舒适性,0,追求
HZ1BLnSGKDtxcRP9,动力,-1,太弱
LdQKwOs6hTbY9gfM,内饰,0,加热
MxZWDrcfogmARhjL,油耗,0,习惯
YNVm4FeIfWKG3rds,配置,-1,很多
vcEKDR05dHhqlFBI,操控,0,换
oi3egvK85kdCLym4,空间,1,太小
n8gkp6OeAKf4zrwR,安全性,0,好像
bx87EnuPHgq0Vy6e,价格,0,适配
3WVqgl5iaRbOdHe2,舒适性,0,省油
Yg1qG7649sKiVh0T,安全性,0,稳定
OMS3NeFwL8JB6onb,油耗,0,满意
Q0fVx2qNWLe916Pz,价格,0,京东
sqNWBIYSTVR0zob9,内饰,0,内饰
dHbmaZcxAgpnwETN,价格,0,价格
WanjgfvIscPoUqGY,操控,0,第一个
HpW5LyeUK6rNX4g7,动力,0,才
7QOtG1MD6z0skcNb,动力,0,好像
fSR1A9e6jH3UMFI8,外观,1,现款
7A2ze9YabMCc5svr,配置,0,电子
pLSxhPtQ4OmTDg95,价格,0,偏低
nNpYZdeQERiutcD6,动力,0,完美
3MjvJUXBzegF45KT,动力,0,爆震
875xyDbzPHFleEBQ,操控,-1,glc
wm62yPbD8engtuGI,价格,0,正常
AF0Izd3Ecfgkujy9,价格,0,还行
94epsj1buvW2lBIf,价格,0,下降
IcgXbKotPaAMZ2Ck,动力,0,大
c95QCaf3XKtn04VE,价格,0,小
OLTDzsIkWUeYKHX3,价格,0,差不多
C98YtdkE4OLTDgea,动力,0,好点
2gO7dWM6rD9SHvEY,油耗,0,全
caVRpZDW6Qdr2gk5,动力,0,超过
ByeJn8m2blqVKiD6,动力,0,车重
ZRSP1JekE783vNiw,价格,0,坐标
OU0Ha56DoCJiqEjs,动力,0,买
dM3i6seOI4ckbZtg,价格,0,提高
I27CTamYDZ5oyX9B,价格,0,没
jzTRF17bABPMOXZp,动力,0,发动机
sLJc1tXdGQUeVhEf,配置,0,才
wxzmSrR20gA5kdQa,动力,0,好
P3DW07uNKaj8sCRr,动力,0,厉害
PykO9QsJFYtmMGvU,油耗,0,一家
uDpUIL5BkgFoGZQE,空间,0,独立
vlCphH36ucoXYAqw,价格,0,大
yoUEBOQszJW0KA5G,价格,0,高
bTs4yzovnrFhX1NV,油耗,0,换
wnWRdqCphJz6P7U2,动力,0,新款
Z8IsoVLB3CEetMUF,动力,0,最好
RpeP4w7J8AOxdzIi,动力,0,没有
Cme1yAS3oLdfiRBK,价格,0,好
q4webEMXRSyDN5Qf,价格,0,进口
HM38kdhUSjEPwp0u,操控,0,肯定
hNiGFEPdTZJoKOqf,空间,0,能比
aHU0O9YCLly8cPvR,空间,1,好
ueY7R2gFVMB9bWvL,操控,0,更好
mreCtuKXFwYsi0z6,空间,0,不差
n2TZNWRdfSCilqLh,空间,1,不差
KTdD7U8JiFE26GLb,动力,0,没有
qBLiW1NTHk9KguQF,动力,0,不烧
t13HaBqTUZF7Yeju,油耗,0,trip
atYuVC4do9Z3EQ2X,价格,0,高点
MFa29rps6jzg0IbC,动力,0,差不多
Qgls9k6yBHWYoPxR,油耗,0,1.9
edOCKSsoXJyw5TLY,动力,0,都
gDHSRqoWn0m3A69d,动力,0,够用
hf5PnKEcrJtUYRXu,内饰,-1,异响
IdTQ1FwiJhUtxE02,动力,0,正常
jaihGf4Qxl9qdNry,价格,1,合适
ciFVdL85Xfv0wEaN,操控,0,车重
5SMgPUyoustRpH1C,价格,0,价格
k9CaQPBrpeX8bjSG,价格,0,低
XPjnqk8VFzthwuU7,动力,0,烧
bCx8wV5SpZDlK3Py,价格,0,合适
dHbRIfBklWh951Dx,动力,0,满足
WmOC83jat54SvqiP,动力,0,楼主
QWdyBLA8uHGURn6h,操控,0,满足
FK9f0la3xHeTbqws,动力,0,符合
isSJMTg0FcyKpOQH,操控,1,吊打
PzDH9W2SLkI06jXn,内饰,-1,内饰
CypflrRX3gzLH1S5,动力,0,不和开
CbRdc5SULZMa0ENu,外观,0,好看
jw6r9o5lKR0qmnYO,价格,0,价格
Tw9nMdNusAitK6LD,动力,0,没
mkL5BqDI0K72WYip,动力,0,92
Hl6OX4keyCiI59ca,动力,0,高
vNr9ZPWB7CUtenfi,油耗,-1,才
xewG7SsfbB4tackJ,外观,0,太弱
wypVfJ1g7KBFbHqR,动力,0,高
wl56peWJEFKrPxzA,动力,0,超车
NTSwHW7RQV1bUA3m,价格,0,优惠
3D8VpF9nbjTK4NsB,动力,0,原厂
QcPDjLbxHWvCmVBS,动力,0,北京
uSEYLOmivbVUT1dM,价格,0,强
htRUXO3cHxBkdaMw,动力,-1,好像
gwtnIS4qfW9iRvNo,价格,0,现在
dtcU9gDBOFwMKy1j,操控,0,没
aHtQSMkbuWIo3ZKU,操控,0,没有
vbUMhGZKA6Jzn2DN,油耗,0,换
bsSwZUhKyEC2zpav,油耗,0,下个
Ky2H3WgfdaIwrSAt,价格,0,落地
iUutpQeFw6vzMsD2,动力,0,没
jLb8qX5xeQ4S1iKU,动力,0,小
6HxLhDasVpPgMm8K,油耗,1,强劲
Z2GfSdoxeOt5LNuR,安全性,0,没
IMofFWZihwPx4YdR,动力,0,没有
xehQGn9UXiu7Z28I,价格,0,优惠
546EUdlygJWfBtXa,动力,0,烧
IxGULQg6vNziM9uB,操控,0,熄火
Avuyps28QEtHM73w,动力,0,够
MrTgjwkBWDmh7loK,舒适性,-1,响
JWOxwhLq7lpQv1eI,安全性,0,市区
hXQT2Nq5Hd7epoxZ,油耗,0,左右
Cv9S02asNYldJ8hH,价格,0,优惠
HIntVvrux5ZkibOE,油耗,0,高
qoLHFgKsdu52hBp0,空间,0,加热
sjK5uV0zPwJMld2X,价格,0,好
lJd6v0EGxVkmNbU8,配置,0,升级
sN0Od9C6iDhzPrQq,舒适性,0,肯定
wiNfok6vXFL1tWDV,油耗,0,换
kRG2wfTBMprINaF6,动力,0,没有
s4KEk3XfTJSz0y18,舒适性,0,空调
IFLmEta54AiujdUO,舒适性,0,空调
4TxVo6Op8kXv3mHR,动力,0,明白
lpF1QBJRqNorkeVh,安全性,0,换
eVw2EoqQzPafcni0,动力,0,超车
uSCy8iTz742tkdrh,配置,0,升级
AMDg8X4KiknTopE6,动力,0,好
Mj2skhg31YLtnazp,价格,0,不高
nhmcCF2Pl1GRyHiK,动力,0,肯定
3e4RCs9lGvLokq0I,安全性,0,重点
ROMK65g8HGQweWDq,安全性,0,影响
P7zwjrpgGSFiDA4M,价格,-1,肯定
PTZrVmatjOJLeWxv,操控,0,影响
kpnCZaAhWuOymsRD,油耗,0,左右
1BvD8xQqpmouKl2w,动力,0,原厂
HsRBODZpbreXM1nP,动力,0,好
X1M2nsA0Gy8IjKmx,舒适性,-1,没有
ZVi7njCYN1403Kw6,空间,-1,异响
rl8tJSg09y5dVI7p,动力,0,好
QdaZJwOXbmkocY5v,动力,0,才
dXf2rtkJHZPY0O6z,舒适性,-1,空调
iGtjK9Ye0QPDkJRa,动力,0,关键
xMjehF1dANLv3oPf,动力,0,换
imvjh6fsbZ1B8tDk,安全性,0,原厂
ZPylWN6mJtq73xER,外观,0,看到
k6KDiRX7ZNSMT5cq,动力,0,2.0
ZeHdSwvXkxMUFBsl,价格,0,贵
aKEvnRIi9sjpV5OF,动力,0,黑
oGV6CWJsQM3XLacw,油耗,0,换
GtXULc9wDHPn03Wv,安全性,0,不错
CKGlT36QPrIi1Vgm,油耗,0,没
bOrtawLljMfyNK37,油耗,0,省油
8NX1aUQcJb7w4nHf,舒适性,0,原厂
1fvPaU68LRyBGIjE,动力,0,更好
PidjOceCYJhm0Tpv,油耗,0,换
2eRJECFPTcoNtvBr,动力,0,影响
8XTxs5km0RqZVDcf,安全性,0,换
Yrqzo4aXitwTx7A8,动力,0,牌子
nYjsiOvqFL2uydmf,舒适性,0,空调
c4yJrMVACb6iH2t9,操控,1,换
S4iz3DlsT7gZ6Ooq,配置,0,忘
eCudFcjE3NyVaYtz,空间,1,安全
TCtMvskX4U53FR6n,价格,0,优惠
zKdkoRw4fSJT865W,动力,-1,噪音
4RpKoDmk1wrHYGIM,舒适性,0,异响
CHn3flFZqRN2J0DY,安全性,0,安全
RduLxnEZ5Hp6rhU3,动力,0,烧
o591G4LvY3uODzCZ,内饰,-1,做工
ZwDJI2ExNGAMqT6a,价格,0,贵
cYOzKSreBUWy8ZCp,价格,0,换
eLaUK1R3dhMSW8cp,动力,0,不行
eDxluSgqH0ch9YiO,油耗,0,市区
Ofw0eQbLz5W69aXT,动力,0,郁闷
X7Dmi6pBvyNF5bjH,动力,0,换
Bhko5WI62HVJGm7C,动力,0,烧
DlyhrFJX45Wq16aE,安全性,0,没
Ns9dpHqrizVLSA68,舒适性,-1,响
gkO9FGQhnDH3iUKB,动力,0,不烧
XjLzFYus5S6icta1,动力,0,平衡
V84a0xwl6KoqWBSH,动力,0,换油
Phcq0nFXD3Y21b7d,动力,0,2.0
3ya5ghm4wi9xcjTe,价格,0,优惠
rRKxz0l5Jqo42GF7,价格,0,少
Gid8zRPEolk6q5FO,动力,0,好像
lxkDKHi3veIRThdf,外观,0,没
GuPbV6ogwZMNXyLr,油耗,1,没有
c3Cb5atuQJnVgEKL,动力,-1,差点
pmNyoGrdC1KhVlIA,价格,0,没
t4YZpKuxUPTziljS,价格,0,优惠
j7FmnNEyAGBHTu51,操控,0,噪音
DKLwgMTHfV8xRj4S,舒适性,-1,左右
6AzsD3lBJFKg0tqL,动力,0,才
lUEiy21aFHVdfK8M,动力,0,少
4zBtJOUsglWbkduc,动力,0,最好
4MJFjzA0lOP7WLQr,油耗,0,前天
CMyhi0xvJV97RXZY,操控,0,便宜
FmEnshzT3UoO9tpc,安全性,0,国内
e6dLZW1CuoayNDIF,动力,0,机油
O1KpuZhFacmY8AXk,操控,0,硬
A3shCv62UTeX7Vyu,舒适性,0,轮胎
AYI8t95ykOVvom7P,动力,0,够用
hTEY0JfISa3i8Qwr,外观,0,在意
UFSVZrG1ldup8ytc,舒适性,0,空调
uOF5eWQHCSIb0lnX,油耗,0,下降
wbtMuQ4noYlU2gSW,动力,0,好像
wkjKsHS6l84xU7cZ,舒适性,0,异响
vdFBH1tAlp6nYheT,外观,0,大
kcIlN4O5yfJvtuGa,操控,-1,没事
1zkIPQn47Hm2gL3O,价格,0,雷克萨斯
2w1orQ7IHc9piAuV,价格,0,新
jS0ZFgm9GuXeN1QV,动力,1,实用
rJbkSWvNsAdq5uY0,操控,-1,差
GVJanbkKzhwZBXMq,外观,0,好像
KNsicY6maflyA2dW,内饰,0,记忆
Vi7jog3FR9nLsxJc,安全性,0,没
iJDBmlQzdhKw7jYg,外观,0,后视镜
lYMn2whJSZmqksj3,外观,0,两车
bemz6FHr47lLEXqt,安全性,0,安全
avVmnotfUrzwJMGT,外观,0,没
LjrFIVgQ5TDaWwd8,价格,0,提升
TNyLjrCVD3vkpbZi,舒适性,0,生锈
aI6hN1ovMDLJGBti,内饰,0,加热
HcTv3d5k1a2plO6W,安全性,0,抖动
hz5flpCykL9qiSB8,操控,0,好
pd5YZ8zr3TGD0BKl,油耗,0,省油
cfEFLe80SjMrAmKT,动力,0,大多数
AXEGeoVOpmZTDnyj,安全性,0,刹车
BaQFJU6Njo35PWzs,动力,-1,2.0
9LUOpIQHgYDm8FJw,动力,0,影响
s8ABFWKpRvLImVib,配置,0,是不是
eCRVcP7qzTEwsY6m,价格,0,代理
ZXzQi6UeEIGamhCY,配置,0,厉害
o2uk5zlOitwBFyYP,安全性,0,正常
5GBLPV2kyCApzocS,动力,0,更好
mwgrVdS0lceuPjH1,舒适性,-1,没有
PLCZmuQ4GRUqAlz5,操控,0,没有
xPCJYDniI6RMH9NA,空间,0,小
KPM8W6gr9zYblAHZ,安全性,-1,市区
4vHOx2oj7cmynaG1,动力,1,喜欢
bDNSy4zjGYL7X8wI,配置,0,增加
rpxlgy8Fkm0ReJqv,舒适性,0,不是
dysLaH7rFpxUNwTG,操控,1,爽
ACzuk3oYFdBW1iRr,安全性,0,刹车
8Lg4uaXWwNHTnUhb,动力,0,都
Asu64fxX7ydmaWQ9,动力,0,没
Id8iAazTDpMGOv49,舒适性,0,正常
wBmEAOR0YjlgkWtT,操控,1,喜欢
jE6k7BXpZLNWl1hQ,外观,1,喜欢
0BCubTaSJ4V7jGAd,舒适性,0,空调
23VdWzG4iAgYZtSR,安全性,1,高
1TpwYUG4nbQxhfKk,操控,0,最
KuUYrzfIatBJyOXp,动力,0,高速
CJ5Y9Waw0RIPmvUK,内饰,0,换
dloSVE124GTviNPL,价格,0,没有
Oeb0NAwXUjsxJDqH,配置,0,正常
7U9GMh8rypb4zvsO,配置,0,没用
DnymwrO7Ga1Qbdth,配置,0,这款
nIMGCSAzfe25WDRm,配置,0,不行
IOyEuQK7rgVZAzbi,操控,0,好
Wt6bxF4HqgRUzMTZ,动力,0,降低
6mRUdJ7Y1erPAtS8,动力,0,没
3HqNa5tQLnDRroW6,油耗,0,左右
grwNKCJtsY0A6DVG,操控,0,正常
yrAnx9mfHYN0OT6g,配置,0,换
zfu0NKtCVvXrDeUi,价格,0,左右
HrxIikTQemGdJKAL,动力,0,换
a8ZDevQHbqX2JiSu,操控,0,方向盘
6mJSlntYXB28sq9u,安全性,0,市区
icEsPJWUnRS01luo,油耗,0,西藏
gXnx20VphC5mAUb1,舒适性,-1,噪音
RaybZnkleEsQvUwC,油耗,0,没
IBzXueCTjWPyiwb9,配置,0,这破
EBh3kYb5eanuLqw7,价格,0,怕
MzQ8whRmWyp0kceZ,舒适性,1,没
BmPrwYuL8QVetZjc,舒适性,0,空调
lwWxuiMO3yPoH1UJ,配置,0,优点
nfOq51SzPjtCZKvQ,油耗,0,油耗
yI79ofOCdiAenwrz,安全性,0,小
eyXNfkKiglxR6btY,安全性,0,白天
Z1quzevkUXF9JplK,油耗,1,肯定
fdIJSbNeVpoT86PO,动力,0,简单
V5NCqp1jbLtr94BT,油耗,0,没有
IftQwD8UO3Cs62jK,安全性,0,特意
WsSnOLBp2wqvmxoy,动力,0,好
6wAv17L0UaybuNfn,舒适性,0,空调
mF4PUT1vKM8gIAsi,外观,1,肯定
CnUEJv94VzMiHjXy,动力,0,缺陷
RzW5GLurQx0imA2N,动力,0,没
crjYmfA4kWhaQnMP,舒适性,0,车
KMvqAsNXDfUicykQ,油耗,0,没
XFC1h4tuAMQH9pyN,油耗,0,没
foxsAMS3TVwvdiPh,空间,-1,高
JgQA0eZw9zKuySkh,动力,0,差不多
wmbdEs1giGzMeoXR,动力,0,不差
0hcGSNLWQne3kuqE,价格,0,故障
blzhHtvQLcxIyfod,外观,0,漂亮
8T2Z9F6LexqXrIdQ,动力,0,没
PaAuNd5lobeqXpOh,动力,0,熄火
hNsmB8zE1nyaVodp,油耗,0,油耗
uKylUE0qMehdS4jZ,舒适性,-1,不好
bDqpuTMz2oiR1kvS,外观,0,破话
DuofMgjiE0UvP9Gh,配置,0,熄火
zLPXAiHmDMWnrO0c,动力,0,肯定
UJeQBwqGfKhWTScr,外观,0,值
1ku5LiXyCl8rcbSm,外观,0,运动
CXxDunpZgH7N0KyF,舒适性,0,空调
BaG7VWPc8mUQ4d53,配置,0,车载
FYVHuUQ3Llb2Odtk,动力,0,烧
NHYkCVopElwTO4SL,安全性,0,换
b2NSpzV4tH0qkZFg,动力,0,欧蓝德
Hv6EBj8tTAZphROb,价格,0,优惠
jN3kMlzEJiRSm6Tr,外观,0,好
uhpTbDHGwLadQ7nS,油耗,0,套路
RnIMpei7agYdKjXs,油耗,0,换
OG8z3WDXMeFRfYnr,价格,0,优惠
miG4ZxRoQSlg6KJd,操控,0,没有
uIoTZxQ2fv5AsjUF,动力,0,好
bQIGj73D4BXPpCdy,价格,0,好
kQKoDcN2pVsHnRvX,价格,1,不错
PZgilYx2KRnehqOk,价格,0,优惠
6cLXpr1xS2AKefTv,价格,0,优惠
rTEKoLtW9vp3qVNM,价格,0,优惠
ycZd3HgBt5wpGjkK,价格,0,优惠
OiMa4ugEcIYNsZ3Q,价格,0,没有
j1rPTY3NROwnxFaf,操控,0,07
4Zci7QKdEwlLutJV,操控,0,抖
TmrwlJsu8A9zybGV,操控,0,奥迪
ZidVDX9wnLjWEJGq,操控,0,森林
A2l9McPr6ITYBNsa,油耗,0,稳定
j2Qx1P8a5wbULihs,油耗,0,巡航
hIGorWwQTapkS5n6,油耗,0,没有
oFl5e7rT9mLqMPnu,空间,0,差不多
I1NHXDm8dzvtkfs0,空间,0,外面
K7ci4kEpZ01axWBY,动力,0,好
7PmnvLBwJSoUxf0G,配置,0,没
UefN5RLZ1pqguoEj,动力,0,不错
ReGAf51HQagx8Zmi,动力,1,肯定
XEQvpHbD7Z6kPVyA,动力,0,据说
OJDLu0ziXPNRT6df,动力,0,不错
foTKrM9SHGp7nuE0,动力,0,发动机
SelgL0QrPayBZ18K,动力,1,大
R8cyfI10m3Xi9tgM,动力,0,避免
FDkmPVcfhGbToNuX,动力,0,没
bxrpsDYROK5iT1qj,动力,0,油
b9qcJOVRfPEzUuM2,动力,0,怕
QtszkWi1bKVx9yG2,动力,0,高
YbZsXMk3PvaVQnLK,空间,1,喜欢
Ijf1P4FEWUprbgZl,空间,0,现在
FR7zjZJHgqWs3oPc,外观,0,好像
MR3lsLjIOEXeU2AD,配置,0,罗锅
NGRFH02YfvIpnDZO,外观,0,新
0jTdQIPg6ZaLp57O,外观,0,觉得
4thTeMKoNiIgx65W,外观,1,好
OQVWijN4lSh0FTey,安全性,0,用翼豹
sMi23mko0HIQtY8g,安全性,0,肯定
nVm3CoQ5pU6yP8uY,安全性,0,大
eE7PXURqbvwxh9GO,安全性,-1,响
95yan1o6CpQ2A0Ew,安全性,0,好
9gO4pMXdBi6xD0lW,安全性,0,换
dHaJFoVOD7NmYjTq,安全性,0,肯定
vu6eVD7EHGRQJULC,安全性,0,好用
q9uHxmI2frz8sX1C,安全性,0,便宜
ZwYtW93KxgOFi8D2,动力,0,没有
Em540HwFUypB8SbK,动力,1,没有
n7YxMp8c9Va2Nfse,配置,0,没有
2BWMN0iP6mO7QhuI,配置,0,好像
3AsFYcJ4OrW8wT7l,配置,0,一年
f9T17GDdFzhbSKk6,配置,0,没
U3NevhxIRQaXnyLq,配置,0,还好
oepEUuObd6f4v3iR,动力,0,烧
jMB2W7Pdm1epbYNl,动力,-1,烧
5DzJlZEOe2VLKpSX,动力,0,烧
af8n9cRIS4Vq0jmH,配置,1,小
JRAFg3bDo1C67q9h,舒适性,0,空调
x9GXPl40AZ5TNiBh,油耗,0,没
zs3gC6PE4kfNb9Wt,配置,0,之前
5lgjSRwKCb3D4WTF,舒适性,0,空调
3qravlupfdIAMznx,空间,1,优势
3Cs9orcTeFh1dN87,油耗,0,一万
SOpkMZLy40r1mYCq,油耗,-1,大
DYrSPJLoywAdingm,油耗,0,国庆
WyUb7eGAJuz9Ftpc,动力,0,日
UAaZtl1ST5kuzoem,舒适性,0,噪音
Q89PBCgxDdeJ5Vfn,内饰,0,不好
3m7VUknLa6Ff5rPc,安全性,0,安全
LaPs4F8Q9q0Wewp5,安全性,0,在意
aB6ythMmUQL4TneC,动力,0,没
KgoZUjNaQvt6MfTA,舒适性,1,噪音
U58QDMeHWXkfGESg,内饰,0,提高
xapJi6lVUC0oH9Py,配置,0,低
jmBWZfLGlaz2nJUu,油耗,0,记得
yfpeWc2ljCkTvN4L,内饰,-1,难看
clht2VSkB3fFrHze,配置,0,拉到
uTmyopKDFQVvC9jt,配置,0,提升
6uYPQjAedRH1wWCy,配置,0,观望
8tU9biECpJdRGhaL,油耗,0,没有
lsHg09cr1NChwKp8,油耗,0,油耗
h7Fx4nQTyPR2z9M6,外观,0,加强
ldRbIBz5vAqsJ4WP,价格,0,贵
4cNTIxAwjOkSB8Vv,内饰,0,搜
TiGkVHdRmPgMpb6s,动力,0,不
8fJTX3LZMqErjg2Y,动力,0,换
tEQLJfKlMnzOs0mw,内饰,-1,做工
n8EbUTyJVxpGtWzP,外观,0,没
yvEOU7I2Z9pbMtNz,动力,0,没
3GaSHdJUs4wDYfkR,动力,0,发动机舱
WAFiDKqCfuP9xG7a,动力,0,不
szVrI4Xjv7ibBOPy,内饰,0,没有
9vBKy7aEfcG4SJPO,动力,0,换
HiouAKZ24t58WqFV,动力,0,故障
K8TLE9Fcay03s7xr,舒适性,0,空调
t8i0ujgRV1ON3Qec,动力,0,不好
KNjsGxYQdD903Rbr,油耗,0,想
iFGrPAzYJoRdkOS8,安全性,0,大
8qg3OP1AtB5Evz9a,动力,0,驾驶
x2rYTQCbOd0JKA5y,油耗,-1,不行
8CAMHLk6DfzaGZJ1,油耗,0,车
4vedD3ThESw9KJxN,动力,0,左右
5GPVFrmzW2pqw6xf,操控,0,还好
ZhC07bX9fLwAEerz,配置,0,异响
cIn9fLxBgXV3451Y,配置,0,没
qTf2jyoJYALC5DZ9,价格,0,便宜
jDBJL5h3N6UK0YXV,动力,0,没有
i7AtFZHh60kaGp3T,价格,0,静音
CADf8GVlMn9r6me1,配置,0,2.0
7mGsIBJAHFZ0tCz4,外观,0,20
Fie0kyu1854nQpzA,配置,0,好
mpAEy9iwRn631sKS,配置,0,好像
1782QoS3I4XrgZba,内饰,-1,垃圾
ODEdFk6L4psH9l28,油耗,0,超过
5kyiUJ0LTNMVFZfq,油耗,0,省油
3sHOQd5VmCz6npUY,油耗,0,好
SVIfiYWeB2yaGCQv,内饰,-1,松垮
pCy0wamSeUnDP9Fr,外观,0,加强
6ru4D9eIzQ1iPkxv,配置,0,朋友
4Ist9FJBkGATqYjO,价格,0,贵
A4vmUYQOlCB5p0Mf,动力,0,影响
LT14xdFN5vOce0wI,配置,-1,正常
cADZp9bExndsOuWC,配置,0,值
QjFJXPzDYsV1IRWO,操控,0,小
Ni0TWvFVRU8XdmtO,操控,0,底盘
63RsQ9a0JqXobE4m,配置,0,没有
L5xfDMnaIlWO6Vky,配置,0,看到
J9L6sZFX2fcUBzOS,油耗,0,刚刚
LM7f4OynlJb8HqvY,操控,0,左右
i8mxAKoNVhD7CIg6,动力,0,换
Unr7RcXmCght2ifD,舒适性,0,噪音
8CZDFqhGmY3HwVz0,空间,0,呵呵
41nm2EQI9BXljaDk,内饰,0,取消
6DWMVcopvEKwU4PJ,舒适性,-1,没有
0gKMWbXrF2qyRTEk,操控,0,简单
ZfLWb4GQDRhgyvow,价格,0,高
4TErfMzgFCnDRPqe,动力,0,车子
5UPW7gfxl9jTcMuN,安全性,0,没有
RWc4PB7gMpnsmUHl,油耗,0,市区
7FzGhLUQufMglaAn,动力,0,2.0
4tlfWveDHL9wcZ7m,安全性,0,换
HCkprjv6uWRh47sL,动力,0,漏油
QYLVlAzboyFTHWuw,操控,0,好
9hv6gmwl0XbRKArI,舒适性,0,森林
WYa8Arw7bGLuKnqi,动力,0,不够
RrgVEIYCuW1iNqL4,动力,0,高
fHSqoTiP2bIrEG8U,舒适性,0,空调
De6AFcbTKIl4R3Qg,操控,0,钥匙
nI0YSRiZdC2MEmag,动力,0,小
dkBrQ8FaUsD50qJ7,价格,-1,贵
2YvN9c8p3yrlhIQt,内饰,0,验车
9hBGibuUNvjL1Qng,安全性,0,定速巡航
8jgDfxBpO45FWl1m,价格,0,看
BMifCDqjK6JwGTnL,舒适性,0,舒服
SyZ6BOmLAeYc09pf,安全性,0,换
0aUzxbsfLNnljZMS,空间,1,舒服
PgCAcDLuVZ41xzod,内饰,0,不好
vDUH86p9mfyQP5cA,安全性,0,超过
0m3DxdfAIcgnE4kM,内饰,0,汽车
InuPQK6wX9UtzgCl,动力,0,不行
0euRkBO8AwisjYTJ,配置,0,新
SRNvlyPi7OM81VQC,动力,0,新
htC6x7q2Yv14uUFX,舒适性,0,好玩
R3ANbXlwH8z6vWPj,动力,0,没有
RKZmPl1Ny5dDC42o,外观,0,一堆
athS4JK0ClzGrYb8,配置,0,不值
6sCNZQ0854b9k2ep,动力,0,小
nkNvR74fauUP9oSg,油耗,0,市区
7HjuWDZzSykeEOIQ,安全性,0,通病
6nulXChYs8biaKg7,操控,1,大
z1Vy3OLYhdZjrW9m,油耗,0,机油
FVOZ4U9adMc6gnRb,动力,0,冷车
y7ziHVFaYs3vAS5C,安全性,0,很多
dWjXp309QZK6sOBt,动力,0,好
UMeVQhHNRcoYJ8GT,内饰,0,高点
qCrxFMylGAKYfR8T,价格,0,优惠
NMzl5tR6JQwCb0e1,动力,1,高
CqSyRtsONd1iG5BJ,油耗,0,老森
BGE1XAJ6iCZ9uclf,油耗,0,不
Ce7V3lxzB2mrpL5w,油耗,0,行驶
o9mCw65vOBq0fYUF,油耗,0,增加
iAktfmCUh4aeMrZS,舒适性,0,噪音
oKTmraqO2ltuZ6N0,动力,0,网上
pcK875yafZ0DvE9S,内饰,0,刚换
6nb4X8DrhGIysL9R,配置,-1,丑
nYqDJsS4CEVwAu8x,外观,0,老实
itm5q6I1z8vf7ZMD,动力,0,应该
rEG7UsMicjYIuO0H,安全性,0,本来
swWXCztEAlxLfkOI,动力,0,下降
8lrYXUQIg1cFxjd7,价格,0,大
G5WVJdhNEr71HyBI,动力,0,大哥
ytm3xPrzZ4OuXIH1,动力,0,左右
uokFtR1jyIimG9UT,动力,0,灵敏
hY9A7rn2wlmEF0uo,操控,0,没事
wTJY4NqXUaPSgpWt,动力,0,好些
gDtCHTmXVEUsqiyW,价格,0,少
0aUM14td75FBNEfl,操控,0,吐槽
YT5pdexbmOQwG7hR,动力,0,好
Ct5pUOgmiTQ7o3fL,油耗,0,没用
0EkBRAYPsfOTt4z3,空间,0,试试
m1d2uePf9JFGbg8a,安全性,0,异响
1qT9KYyC8el7Om4M,舒适性,0,空调
XbUZeDAdEpMwg7kt,动力,0,新
Qt0XJqvUN6gOhePZ,配置,0,大
sNc3FPI4ZnrUgS8G,内饰,0,有时候
OxkuXFay5GLP1eIh,操控,0,没事
3Zl8sQoSMrOUCyhg,价格,0,价格
EFVfO2leBpH0uzrw,操控,0,喜欢
DIjbzLMF2vgEsxti,价格,-1,高
j2bY7lqSH3PawNn5,价格,0,小
4N70AwcexTqDCoJr,空间,0,好
yGsQJVCBYmMglaUp,动力,0,市区
mouaUxBnX2vHPYsR,内饰,0,驾驶
Zl8IfcmpNrLVAPS4,操控,0,说
fIHPrW8MzVdC4kwF,动力,0,强
E5390SuTF2RoQyzt,舒适性,0,空调
5XznxhYNAGF7WKJD,内饰,0,没
S3Aq4NOhFDspEgZm,动力,0,不足
3qVmrKu1wxJb0X6I,安全性,0,差点
vPCDf2OemEGh4jzl,空间,1,舒服
trsL1COIpBSWXMex,外观,0,总
PE5gLlduiYGTzqsn,动力,0,烧
WgtvsofC74wOIYVb,动力,0,烧
H8jYWQ5gMADxtmuh,舒适性,1,噪音
ouMTnWL81gZemPi9,安全性,-1,软
7pDJV8ab4NjH3r5e,舒适性,0,空调
hGPD9vBZgR6zNV4S,动力,0,看
2jJXvw58LHgT3RBD,动力,0,好
OCkifpF73WQYjoNI,内饰,0,大
XrQJUSeIVhBib86Z,配置,0,换
MF2yRZwkDtmozdPS,内饰,0,驾驶
Yu0EUZt54G8fiHOW,外观,0,外观
yLhg5NmjCWat4YFV,操控,0,规格
0GtHsUD3ikzZoX5q,油耗,0,省油
S3dNtUixLg2uVkWD,动力,0,2.5
xJ1wWtb9TsYkKO5X,舒适性,0,空调
lr0sCcFamRVfPHn5,油耗,0,左右
H6y17JaXzxADtqer,操控,0,抖
DJES3mRatNG7AMwz,配置,0,设置
GdPUZvlCm438WtS5,油耗,0,正常
m1rOC6jMweNH2Q9J,价格,0,便宜
vP56NeZdJA8jtXmF,配置,0,实用
fQnMrWegYBvTh2Ic,动力,0,水温
xSTt0OV9nYkb6NEa,动力,1,大
BfWd1cJDFQLNn3gG,安全性,0,斯巴鲁
IoKEnR3JdXu0gG4h,动力,0,好
4p5xbNDUMLAwvzrY,动力,-1,肯定
VYJEH3N0ZkGt5Xvy,配置,0,终于
iSp7q8d4eW9honmI,动力,0,请教
WLHp3PYJ9FvOGXE2,安全性,0,求购
